"RelativePath","Type","Bytes","LastWriteTimeUtc"
"config","directory",,"2026-08-16T01:01:08.7877143Z"
"data","directory",,"2026-08-14T00:32:47.7864129Z"
"logs","directory",,"2026-08-14T00:34:56.1568502Z"
"packs","directory",,"2026-08-13T17:49:38.0000000Z"
"provision","directory",,"2026-08-16T01:01:08.7913695Z"
"upgrade","directory",,"2026-08-14T00:32:06.6961931Z"
"console-handoff-watch.log","file","1036","2026-08-16T01:01:10.2410548Z"
"install-progress.log","file","24429","2026-08-26T23:55:54.5635127Z"
"config\nats-server.conf","file","306","2026-08-16T01:01:08.7721151Z"
"data\egress","directory",,"2026-08-14T00:32:41.5346178Z"
"data\nats-store","directory",,"2026-08-14T00:32:29.2725505Z"
"data\pgdata","directory",,"2026-08-26T23:37:34.6063078Z"
"data\uploads","directory",,"2026-08-14T00:32:47.7864129Z"
"data\nats-store\jetstream","directory",,"2026-08-16T01:01:16.8841054Z"
"data\nats-store\jetstream\$G","directory",,"2026-08-14T00:32:29.7517330Z"
"data\nats-store\jetstream\$G\streams","directory",,"2026-08-14T00:32:29.7517330Z"
"data\nats-store\jetstream\$G\streams\CIVICCAST_SUPERVISOR_PROBE","directory",,"2026-08-16T01:01:16.8980248Z"
"data\nats-store\jetstream\$G\streams\CIVICCAST_SUPERVISOR_PROBE\msgs","directory",,"2026-08-14T00:34:41.4840008Z"
"data\nats-store\jetstream\$G\streams\CIVICCAST_SUPERVISOR_PROBE\obs","directory",,"2026-08-14T00:32:29.7527754Z"
"data\nats-store\jetstream\$G\streams\CIVICCAST_SUPERVISOR_PROBE\meta.inf","file","549","2026-08-14T00:32:29.7538186Z"
"data\nats-store\jetstream\$G\streams\CIVICCAST_SUPERVISOR_PROBE\meta.sum","file","16","2026-08-14T00:32:29.7543420Z"
"data\nats-store\jetstream\$G\streams\CIVICCAST_SUPERVISOR_PROBE\msgs\1.blk","file","164","2026-08-16T01:01:17.3406640Z"
"data\nats-store\jetstream\$G\streams\CIVICCAST_SUPERVISOR_PROBE\msgs\index.db","file","90","2026-08-16T01:03:40.1874377Z"
"data\pgdata\base","directory",,"2026-08-14T00:32:18.5870599Z"
"data\pgdata\global","directory",,"2026-08-16T01:02:15.8724991Z"
"data\pgdata\pg_commit_ts","directory",,"2026-08-14T00:32:10.0234290Z"
"data\pgdata\pg_dynshmem","directory",,"2026-08-14T00:32:10.0234290Z"
"data\pgdata\pg_logical","directory",,"2026-08-26T23:37:34.5689759Z"
"data\pgdata\pg_multixact","directory",,"2026-08-14T00:32:10.0234290Z"
"data\pgdata\pg_notify","directory",,"2026-08-14T00:32:10.0234290Z"
"data\pgdata\pg_replslot","directory",,"2026-08-14T00:32:10.0234290Z"
"data\pgdata\pg_serial","directory",,"2026-08-14T00:32:10.0234290Z"
"data\pgdata\pg_snapshots","directory",,"2026-08-14T00:32:10.0234290Z"
"data\pgdata\pg_stat","directory",,"2026-08-26T23:37:34.5946628Z"
"data\pgdata\pg_stat_tmp","directory",,"2026-08-14T00:32:10.0234290Z"
"data\pgdata\pg_subtrans","directory",,"2026-08-14T00:32:10.2748948Z"
"data\pgdata\pg_tblspc","directory",,"2026-08-14T00:32:10.0234290Z"
"data\pgdata\pg_twophase","directory",,"2026-08-14T00:32:10.0234290Z"
"data\pgdata\pg_wal","directory",,"2026-08-24T05:16:36.4764293Z"
"data\pgdata\pg_xact","directory",,"2026-08-14T00:32:10.2748948Z"
"data\pgdata\pg_hba.conf","file","244","2026-08-16T01:01:08.0812723Z"
"data\pgdata\pg_ident.conf","file","2712","2026-08-14T00:32:10.1562145Z"
"data\pgdata\PG_VERSION","file","3","2026-08-14T00:32:10.0336411Z"
"data\pgdata\postgresql.auto.conf","file","90","2026-08-14T00:32:10.1523847Z"
"data\pgdata\postgresql.conf","file","275","2026-08-16T01:01:08.0711098Z"
"data\pgdata\postmaster.opts","file","163","2026-08-16T01:01:15.7537176Z"
"data\pgdata\base\1","directory",,"2026-08-16T01:02:15.8724991Z"
"data\pgdata\base\16384","directory",,"2026-08-16T01:01:16.0875942Z"
"data\pgdata\base\4","directory",,"2026-08-14T00:32:12.8482922Z"
"data\pgdata\base\5","directory",,"2026-08-16T01:01:35.8552609Z"
"data\pgdata\base\1\112","file","8192","2026-08-14T00:32:10.8300726Z"
"data\pgdata\base\1\113","file","8192","2026-08-14T00:32:10.8300726Z"
"data\pgdata\base\1\1247","file","122880","2026-08-14T00:32:12.0789422Z"
"data\pgdata\base\1\1247_fsm","file","24576","2026-08-14T00:32:12.0789422Z"
"data\pgdata\base\1\1247_vm","file","8192","2026-08-14T00:32:12.0789422Z"
"data\pgdata\base\1\1249","file","450560","2026-08-14T00:32:12.0789422Z"
"data\pgdata\base\1\1249_fsm","file","24576","2026-08-14T00:32:12.0789422Z"
"data\pgdata\base\1\1249_vm","file","8192","2026-08-14T00:32:12.0789422Z"
"data\pgdata\base\1\1255","file","811008","2026-08-14T00:32:12.0842344Z"
"data\pgdata\base\1\1255_fsm","file","24576","2026-08-14T00:32:12.0842344Z"
"data\pgdata\base\1\1255_vm","file","8192","2026-08-14T00:32:12.0842344Z"
"data\pgdata\base\1\1259","file","114688","2026-08-14T00:37:36.1345561Z"
"data\pgdata\base\1\1259_fsm","file","24576","2026-08-14T00:32:12.0842344Z"
"data\pgdata\base\1\1259_vm","file","8192","2026-08-14T00:32:12.0842344Z"
"data\pgdata\base\1\1417","file","0","2026-08-14T00:32:10.3529331Z"
"data\pgdata\base\1\1418","file","0","2026-08-14T00:32:10.3529331Z"
"data\pgdata\base\1\14934","file","65536","2026-08-14T00:32:12.3318918Z"
"data\pgdata\base\1\14934_fsm","file","24576","2026-08-14T00:32:12.3318918Z"
"data\pgdata\base\1\14934_vm","file","8192","2026-08-14T00:32:12.3318918Z"
"data\pgdata\base\1\14937","file","0","2026-08-14T00:32:11.7035914Z"
"data\pgdata\base\1\14938","file","8192","2026-08-14T00:32:11.7035914Z"
"data\pgdata\base\1\14939","file","8192","2026-08-14T00:32:12.3440120Z"
"data\pgdata\base\1\14939_fsm","file","24576","2026-08-14T00:32:12.3440120Z"
"data\pgdata\base\1\14939_vm","file","8192","2026-08-14T00:32:12.3440120Z"
"data\pgdata\base\1\14942","file","0","2026-08-14T00:32:11.7035914Z"
"data\pgdata\base\1\14943","file","8192","2026-08-14T00:32:11.7035914Z"
"data\pgdata\base\1\14944","file","8192","2026-08-14T00:32:12.3440120Z"
"data\pgdata\base\1\14944_fsm","file","24576","2026-08-14T00:32:12.3440120Z"
"data\pgdata\base\1\14944_vm","file","8192","2026-08-14T00:32:12.3440120Z"
"data\pgdata\base\1\14947","file","0","2026-08-14T00:32:11.7035914Z"
"data\pgdata\base\1\14948","file","8192","2026-08-14T00:32:11.7197283Z"
"data\pgdata\base\1\14949","file","8192","2026-08-14T00:32:12.3440120Z"
"data\pgdata\base\1\14949_fsm","file","24576","2026-08-14T00:32:12.3440120Z"
"data\pgdata\base\1\14949_vm","file","8192","2026-08-14T00:32:12.3440120Z"
"data\pgdata\base\1\14952","file","0","2026-08-14T00:32:11.7197283Z"
"data\pgdata\base\1\14953","file","8192","2026-08-14T00:32:11.7197283Z"
"data\pgdata\base\1\174","file","8192","2026-08-14T00:32:10.8141362Z"
"data\pgdata\base\1\175","file","8192","2026-08-14T00:32:10.8141362Z"
"data\pgdata\base\1\2187","file","8192","2026-08-14T00:32:10.9359485Z"
"data\pgdata\base\1\2224","file","0","2026-08-14T00:32:10.3690235Z"
"data\pgdata\base\1\2228","file","16384","2026-08-14T00:32:10.7981511Z"
"data\pgdata\base\1\2328","file","0","2026-08-14T00:32:10.3529331Z"
"data\pgdata\base\1\2336","file","0","2026-08-14T00:32:10.3690235Z"
"data\pgdata\base\1\2337","file","8192","2026-08-14T00:32:11.0112551Z"
"data\pgdata\base\1\2579","file","16384","2026-08-14T00:32:12.0842344Z"
"data\pgdata\base\1\2600","file","16384","2026-08-14T00:32:12.0871525Z"
"data\pgdata\base\1\2600_fsm","file","24576","2026-08-14T00:32:12.0871525Z"
"data\pgdata\base\1\2600_vm","file","8192","2026-08-14T00:32:12.0871525Z"
"data\pgdata\base\1\2601","file","8192","2026-08-14T00:32:12.0871525Z"
"data\pgdata\base\1\2601_fsm","file","24576","2026-08-14T00:32:12.0871525Z"
"data\pgdata\base\1\2601_vm","file","8192","2026-08-14T00:32:12.0871525Z"
"data\pgdata\base\1\2602","file","57344","2026-08-14T00:32:12.0871525Z"
"data\pgdata\base\1\2602_fsm","file","24576","2026-08-14T00:32:12.0871525Z"
"data\pgdata\base\1\2602_vm","file","8192","2026-08-14T00:32:12.0871525Z"
"data\pgdata\base\1\2603","file","40960","2026-08-14T00:32:12.0871525Z"
"data\pgdata\base\1\2603_fsm","file","24576","2026-08-14T00:32:12.0871525Z"
"data\pgdata\base\1\2603_vm","file","8192","2026-08-14T00:32:12.0871525Z"
"data\pgdata\base\1\2604","file","0","2026-08-14T00:32:10.3212433Z"
"data\pgdata\base\1\2605","file","16384","2026-08-14T00:32:12.0871525Z"
"data\pgdata\base\1\2605_fsm","file","24576","2026-08-14T00:32:12.0871525Z"
"data\pgdata\base\1\2605_vm","file","8192","2026-08-14T00:32:12.0871525Z"
"data\pgdata\base\1\2606","file","24576","2026-08-14T00:32:12.0871525Z"
"data\pgdata\base\1\2606_fsm","file","24576","2026-08-14T00:32:12.0871525Z"
"data\pgdata\base\1\2606_vm","file","8192","2026-08-14T00:32:12.0871525Z"
"data\pgdata\base\1\2607","file","16384","2026-08-14T00:32:12.0871525Z"
"data\pgdata\base\1\2607_fsm","file","24576","2026-08-14T00:32:12.0871525Z"
"data\pgdata\base\1\2607_vm","file","8192","2026-08-14T00:32:12.0871525Z"
"data\pgdata\base\1\2608","file","106496","2026-08-14T00:32:12.0871525Z"
"data\pgdata\base\1\2608_fsm","file","24576","2026-08-14T00:32:12.0871525Z"
"data\pgdata\base\1\2608_vm","file","8192","2026-08-14T00:32:12.0871525Z"
"data\pgdata\base\1\2609","file","368640","2026-08-14T00:32:12.0929671Z"
"data\pgdata\base\1\2609_fsm","file","24576","2026-08-14T00:32:12.0929671Z"
"data\pgdata\base\1\2609_vm","file","8192","2026-08-14T00:32:12.0929671Z"
"data\pgdata\base\1\2610","file","32768","2026-08-14T00:32:12.0929671Z"
"data\pgdata\base\1\2610_fsm","file","24576","2026-08-14T00:32:12.0929671Z"
"data\pgdata\base\1\2610_vm","file","8192","2026-08-14T00:32:12.0929671Z"
"data\pgdata\base\1\2611","file","0","2026-08-14T00:32:10.3212433Z"
"data\pgdata\base\1\2612","file","8192","2026-08-14T00:32:12.0929671Z"
"data\pgdata\base\1\2612_fsm","file","24576","2026-08-14T00:32:12.0929671Z"
"data\pgdata\base\1\2612_vm","file","8192","2026-08-14T00:32:12.0929671Z"
"data\pgdata\base\1\2613","file","0","2026-08-14T00:32:10.3372894Z"
"data\pgdata\base\1\2615","file","8192","2026-08-14T00:32:12.1088756Z"
"data\pgdata\base\1\2615_fsm","file","24576","2026-08-14T00:32:12.1088756Z"
"data\pgdata\base\1\2615_vm","file","8192","2026-08-14T00:32:12.1088756Z"
"data\pgdata\base\1\2616","file","24576","2026-08-14T00:32:12.1088756Z"
"data\pgdata\base\1\2616_fsm","file","24576","2026-08-14T00:32:12.1088756Z"
"data\pgdata\base\1\2616_vm","file","8192","2026-08-14T00:32:12.1088756Z"
"data\pgdata\base\1\2617","file","114688","2026-08-14T00:32:12.1246433Z"
"data\pgdata\base\1\2617_fsm","file","24576","2026-08-14T00:32:12.1246433Z"
"data\pgdata\base\1\2617_vm","file","8192","2026-08-14T00:32:12.1246433Z"
"data\pgdata\base\1\2618","file","114688","2026-08-14T00:32:12.1246433Z"
"data\pgdata\base\1\2618_fsm","file","24576","2026-08-14T00:32:12.1246433Z"
"data\pgdata\base\1\2618_vm","file","8192","2026-08-14T00:32:12.1246433Z"
"data\pgdata\base\1\2619","file","221184","2026-08-14T00:37:50.1485415Z"
"data\pgdata\base\1\2619_fsm","file","24576","2026-08-14T00:37:51.0209575Z"
"data\pgdata\base\1\2619_vm","file","8192","2026-08-14T00:37:51.2466379Z"
"data\pgdata\base\1\2620","file","0","2026-08-14T00:32:10.3372894Z"
"data\pgdata\base\1\2650","file","16384","2026-08-14T00:32:10.8938085Z"
"data\pgdata\base\1\2651","file","16384","2026-08-14T00:32:10.9246971Z"
"data\pgdata\base\1\2652","file","16384","2026-08-14T00:32:10.9194404Z"
"data\pgdata\base\1\2653","file","49152","2026-08-14T00:32:10.9194404Z"
"data\pgdata\base\1\2654","file","49152","2026-08-14T00:32:10.9174304Z"
"data\pgdata\base\1\2655","file","40960","2026-08-14T00:32:10.9134132Z"
"data\pgdata\base\1\2656","file","8192","2026-08-14T00:32:10.9518011Z"
"data\pgdata\base\1\2657","file","8192","2026-08-14T00:32:10.9518011Z"
"data\pgdata\base\1\2658","file","122880","2026-08-14T00:32:12.1403316Z"
"data\pgdata\base\1\2659","file","90112","2026-08-14T00:32:12.1561034Z"
"data\pgdata\base\1\2660","file","16384","2026-08-14T00:32:10.8777016Z"
"data\pgdata\base\1\2661","file","16384","2026-08-14T00:32:10.8777016Z"
"data\pgdata\base\1\2662","file","32768","2026-08-14T00:32:12.1561034Z"
"data\pgdata\base\1\2663","file","40960","2026-08-14T00:32:12.1561034Z"
"data\pgdata\base\1\2664","file","16384","2026-08-14T00:32:12.1561034Z"
"data\pgdata\base\1\2665","file","16384","2026-08-14T00:32:12.1561034Z"
"data\pgdata\base\1\2666","file","16384","2026-08-14T00:32:12.1561034Z"
"data\pgdata\base\1\2667","file","16384","2026-08-14T00:32:12.1699415Z"
"data\pgdata\base\1\2668","file","16384","2026-08-14T00:32:10.8616785Z"
"data\pgdata\base\1\2669","file","16384","2026-08-14T00:32:10.8616785Z"
"data\pgdata\base\1\2670","file","16384","2026-08-14T00:32:10.8616785Z"
"data\pgdata\base\1\2673","file","81920","2026-08-14T00:32:12.1759621Z"
"data\pgdata\base\1\2674","file","65536","2026-08-14T00:32:12.1759621Z"
"data\pgdata\base\1\2675","file","212992","2026-08-14T00:32:12.1759621Z"
"data\pgdata\base\1\2678","file","16384","2026-08-14T00:32:12.1759621Z"
"data\pgdata\base\1\2679","file","16384","2026-08-14T00:32:12.1879123Z"
"data\pgdata\base\1\2680","file","8192","2026-08-14T00:32:10.9359485Z"
"data\pgdata\base\1\2681","file","16384","2026-08-14T00:32:12.1879123Z"
"data\pgdata\base\1\2682","file","16384","2026-08-14T00:32:12.1879123Z"
"data\pgdata\base\1\2683","file","8192","2026-08-14T00:32:10.8938085Z"
"data\pgdata\base\1\2684","file","16384","2026-08-14T00:32:12.1879123Z"
"data\pgdata\base\1\2685","file","16384","2026-08-14T00:32:12.1879123Z"
"data\pgdata\base\1\2686","file","16384","2026-08-14T00:32:10.9278787Z"
"data\pgdata\base\1\2687","file","16384","2026-08-14T00:32:10.9257056Z"
"data\pgdata\base\1\2688","file","40960","2026-08-14T00:32:10.9349412Z"
"data\pgdata\base\1\2689","file","49152","2026-08-14T00:32:10.9298859Z"
"data\pgdata\base\1\2690","file","98304","2026-08-14T00:32:12.1879123Z"
"data\pgdata\base\1\2691","file","262144","2026-08-14T00:32:12.2039014Z"
"data\pgdata\base\1\2692","file","16384","2026-08-14T00:32:12.2039014Z"
"data\pgdata\base\1\2693","file","16384","2026-08-14T00:32:12.2039014Z"
"data\pgdata\base\1\2696","file","40960","2026-08-14T00:37:55.8330267Z"
"data\pgdata\base\1\2699","file","8192","2026-08-14T00:32:10.8938085Z"
"data\pgdata\base\1\2701","file","8192","2026-08-14T00:32:10.8777016Z"
"data\pgdata\base\1\2702","file","8192","2026-08-14T00:32:10.8777016Z"
"data\pgdata\base\1\2703","file","32768","2026-08-14T00:32:12.2198042Z"
"data\pgdata\base\1\2704","file","40960","2026-08-14T00:32:12.2198042Z"
"data\pgdata\base\1\2753","file","16384","2026-08-14T00:32:12.2198042Z"
"data\pgdata\base\1\2753_fsm","file","24576","2026-08-14T00:32:12.2198042Z"
"data\pgdata\base\1\2753_vm","file","8192","2026-08-14T00:32:12.2198042Z"
"data\pgdata\base\1\2754","file","16384","2026-08-14T00:32:10.9298859Z"
"data\pgdata\base\1\2755","file","16384","2026-08-14T00:32:10.9298859Z"
"data\pgdata\base\1\2756","file","40960","2026-08-14T00:32:10.9154218Z"
"data\pgdata\base\1\2757","file","32768","2026-08-14T00:32:10.9096104Z"
"data\pgdata\base\1\2830","file","0","2026-08-14T00:32:10.3690235Z"
"data\pgdata\base\1\2831","file","8192","2026-08-14T00:32:11.0203259Z"
"data\pgdata\base\1\2832","file","0","2026-08-14T00:32:10.3690235Z"
"data\pgdata\base\1\2833","file","8192","2026-08-14T00:32:11.0177271Z"
"data\pgdata\base\1\2834","file","0","2026-08-14T00:32:10.3690235Z"
"data\pgdata\base\1\2835","file","8192","2026-08-14T00:32:11.0092582Z"
"data\pgdata\base\1\2836","file","8192","2026-08-14T00:32:12.2355316Z"
"data\pgdata\base\1\2836_fsm","file","24576","2026-08-14T00:32:12.2355316Z"
"data\pgdata\base\1\2836_vm","file","8192","2026-08-14T00:32:12.2355316Z"
"data\pgdata\base\1\2837","file","16384","2026-08-14T00:32:12.2375403Z"
"data\pgdata\base\1\2838","file","516096","2026-08-14T00:32:12.2514303Z"
"data\pgdata\base\1\2838_fsm","file","24576","2026-08-14T00:32:12.2514303Z"
"data\pgdata\base\1\2838_vm","file","8192","2026-08-14T00:32:12.2514303Z"
"data\pgdata\base\1\2839","file","16384","2026-08-14T00:32:12.2629349Z"
"data\pgdata\base\1\2840","file","32768","2026-08-14T00:37:56.4771654Z"
"data\pgdata\base\1\2840_fsm","file","24576","2026-08-14T00:37:56.8027145Z"
"data\pgdata\base\1\2840_vm","file","8192","2026-08-14T00:37:56.9082051Z"
"data\pgdata\base\1\2841","file","16384","2026-08-14T00:37:57.2305351Z"
"data\pgdata\base\1\2995","file","0","2026-08-14T00:32:10.3372894Z"
"data\pgdata\base\1\2996","file","8192","2026-08-14T00:32:10.8938085Z"
"data\pgdata\base\1\3079","file","8192","2026-08-14T00:32:12.2827111Z"
"data\pgdata\base\1\3079_fsm","file","24576","2026-08-14T00:32:12.2827111Z"
"data\pgdata\base\1\3079_vm","file","8192","2026-08-14T00:32:12.2827111Z"
"data\pgdata\base\1\3080","file","16384","2026-08-14T00:32:12.2827111Z"
"data\pgdata\base\1\3081","file","16384","2026-08-14T00:32:12.2827111Z"
"data\pgdata\base\1\3085","file","73728","2026-08-14T00:32:12.2827111Z"
"data\pgdata\base\1\3118","file","0","2026-08-14T00:32:10.3529331Z"
"data\pgdata\base\1\3119","file","8192","2026-08-14T00:32:10.8141362Z"
"data\pgdata\base\1\3164","file","147456","2026-08-14T00:32:12.2926094Z"
"data\pgdata\base\1\3256","file","0","2026-08-14T00:32:10.3529331Z"
"data\pgdata\base\1\3257","file","8192","2026-08-14T00:32:10.8141362Z"
"data\pgdata\base\1\3258","file","8192","2026-08-14T00:32:10.8141362Z"
"data\pgdata\base\1\3350","file","0","2026-08-14T00:32:10.3690235Z"
"data\pgdata\base\1\3351","file","8192","2026-08-14T00:32:10.7981511Z"
"data\pgdata\base\1\3379","file","8192","2026-08-14T00:32:10.8938085Z"
"data\pgdata\base\1\3380","file","8192","2026-08-14T00:32:10.8938085Z"
"data\pgdata\base\1\3381","file","0","2026-08-14T00:32:10.3372894Z"
"data\pgdata\base\1\3394","file","24576","2026-08-14T00:32:12.2926094Z"
"data\pgdata\base\1\3394_fsm","file","24576","2026-08-14T00:32:12.2926094Z"
"data\pgdata\base\1\3394_vm","file","8192","2026-08-14T00:32:12.2926094Z"
"data\pgdata\base\1\3395","file","16384","2026-08-14T00:32:12.2946142Z"
"data\pgdata\base\1\3429","file","0","2026-08-14T00:32:10.3372894Z"
"data\pgdata\base\1\3430","file","0","2026-08-14T00:32:10.3690235Z"
"data\pgdata\base\1\3431","file","8192","2026-08-14T00:32:11.0132529Z"
"data\pgdata\base\1\3433","file","8192","2026-08-14T00:32:10.8938085Z"
"data\pgdata\base\1\3439","file","0","2026-08-14T00:32:10.3690235Z"
"data\pgdata\base\1\3440","file","8192","2026-08-14T00:32:11.0152542Z"
"data\pgdata\base\1\3455","file","16384","2026-08-14T00:32:12.2946142Z"
"data\pgdata\base\1\3456","file","352256","2026-08-14T00:32:12.2966216Z"
"data\pgdata\base\1\3456_fsm","file","24576","2026-08-14T00:32:12.2966216Z"
"data\pgdata\base\1\3456_vm","file","8192","2026-08-14T00:32:12.2966216Z"
"data\pgdata\base\1\3466","file","0","2026-08-14T00:32:10.3372894Z"
"data\pgdata\base\1\3467","file","8192","2026-08-14T00:32:10.8777016Z"
"data\pgdata\base\1\3468","file","8192","2026-08-14T00:32:10.8777016Z"
"data\pgdata\base\1\3501","file","0","2026-08-14T00:32:10.3529331Z"
"data\pgdata\base\1\3502","file","8192","2026-08-14T00:32:10.8777016Z"
"data\pgdata\base\1\3503","file","8192","2026-08-14T00:32:10.8777016Z"
"data\pgdata\base\1\3534","file","8192","2026-08-14T00:32:10.8777016Z"
"data\pgdata\base\1\3541","file","8192","2026-08-14T00:32:12.2966216Z"
"data\pgdata\base\1\3541_fsm","file","24576","2026-08-14T00:32:12.2966216Z"
"data\pgdata\base\1\3541_vm","file","8192","2026-08-14T00:32:12.2983700Z"
"data\pgdata\base\1\3542","file","16384","2026-08-14T00:32:10.7981511Z"
"data\pgdata\base\1\3574","file","8192","2026-08-14T00:32:10.7981511Z"
"data\pgdata\base\1\3575","file","8192","2026-08-14T00:32:10.7981511Z"
"data\pgdata\base\1\3576","file","0","2026-08-14T00:32:10.3690235Z"
"data\pgdata\base\1\3596","file","0","2026-08-14T00:32:10.3690235Z"
"data\pgdata\base\1\3597","file","8192","2026-08-14T00:32:10.8141362Z"
"data\pgdata\base\1\3598","file","0","2026-08-14T00:32:10.3851065Z"
"data\pgdata\base\1\3599","file","8192","2026-08-14T00:32:10.9855910Z"
"data\pgdata\base\1\3600","file","8192","2026-08-14T00:32:12.2983700Z"
"data\pgdata\base\1\3600_fsm","file","24576","2026-08-14T00:32:12.2983700Z"
"data\pgdata\base\1\3600_vm","file","8192","2026-08-14T00:32:12.2983700Z"
"data\pgdata\base\1\3601","file","8192","2026-08-14T00:32:12.3003791Z"
"data\pgdata\base\1\3601_fsm","file","24576","2026-08-14T00:32:12.3003791Z"
"data\pgdata\base\1\3601_vm","file","8192","2026-08-14T00:32:12.3003791Z"
"data\pgdata\base\1\3602","file","8192","2026-08-14T00:32:12.3003791Z"
"data\pgdata\base\1\3602_fsm","file","24576","2026-08-14T00:32:12.3023847Z"
"data\pgdata\base\1\3602_vm","file","8192","2026-08-14T00:32:12.3023847Z"
"data\pgdata\base\1\3603","file","24576","2026-08-14T00:32:12.3083983Z"
"data\pgdata\base\1\3603_fsm","file","24576","2026-08-14T00:32:12.3104041Z"
"data\pgdata\base\1\3603_vm","file","8192","2026-08-14T00:32:12.3104041Z"
"data\pgdata\base\1\3604","file","16384","2026-08-14T00:32:12.3242099Z"
"data\pgdata\base\1\3605","file","16384","2026-08-14T00:32:12.3242099Z"
"data\pgdata\base\1\3606","file","16384","2026-08-14T00:32:10.8300726Z"
"data\pgdata\base\1\3607","file","16384","2026-08-14T00:32:10.8300726Z"
"data\pgdata\base\1\3608","file","16384","2026-08-14T00:32:12.3262178Z"
"data\pgdata\base\1\3609","file","32768","2026-08-14T00:32:12.3273199Z"
"data\pgdata\base\1\3712","file","16384","2026-08-14T00:32:12.3283305Z"
"data\pgdata\base\1\3764","file","8192","2026-08-14T00:32:12.3283305Z"
"data\pgdata\base\1\3764_fsm","file","24576","2026-08-14T00:32:12.3283305Z"
"data\pgdata\base\1\3764_vm","file","8192","2026-08-14T00:32:12.3283305Z"
"data\pgdata\base\1\3766","file","16384","2026-08-14T00:32:12.3318918Z"
"data\pgdata\base\1\3767","file","16384","2026-08-14T00:32:12.3318918Z"
"data\pgdata\base\1\3997","file","8192","2026-08-14T00:32:10.8938085Z"
"data\pgdata\base\1\4143","file","0","2026-08-14T00:32:10.3851065Z"
"data\pgdata\base\1\4144","file","8192","2026-08-14T00:32:10.9894319Z"
"data\pgdata\base\1\4145","file","0","2026-08-14T00:32:10.3690235Z"
"data\pgdata\base\1\4146","file","8192","2026-08-14T00:32:11.0102539Z"
"data\pgdata\base\1\4147","file","0","2026-08-14T00:32:10.3851065Z"
"data\pgdata\base\1\4148","file","8192","2026-08-14T00:32:10.9899628Z"
"data\pgdata\base\1\4149","file","0","2026-08-14T00:32:10.3851065Z"
"data\pgdata\base\1\4150","file","8192","2026-08-14T00:32:10.9899628Z"
"data\pgdata\base\1\4151","file","0","2026-08-14T00:32:10.3851065Z"
"data\pgdata\base\1\4152","file","8192","2026-08-14T00:32:10.9899628Z"
"data\pgdata\base\1\4153","file","0","2026-08-14T00:32:10.3851065Z"
"data\pgdata\base\1\4154","file","8192","2026-08-14T00:32:10.9899628Z"
"data\pgdata\base\1\4155","file","0","2026-08-14T00:32:10.3851065Z"
"data\pgdata\base\1\4156","file","8192","2026-08-14T00:32:10.9884238Z"
"data\pgdata\base\1\4157","file","0","2026-08-14T00:32:10.3690235Z"
"data\pgdata\base\1\4158","file","8192","2026-08-14T00:32:11.0177271Z"
"data\pgdata\base\1\4159","file","0","2026-08-14T00:32:10.3690235Z"
"data\pgdata\base\1\4160","file","8192","2026-08-14T00:32:11.0177271Z"
"data\pgdata\base\1\4163","file","0","2026-08-14T00:32:10.3813442Z"
"data\pgdata\base\1\4164","file","8192","2026-08-14T00:32:11.0072572Z"
"data\pgdata\base\1\4165","file","0","2026-08-14T00:32:10.3944528Z"
"data\pgdata\base\1\4166","file","8192","2026-08-14T00:32:10.9774145Z"
"data\pgdata\base\1\4167","file","0","2026-08-14T00:32:10.3851065Z"
"data\pgdata\base\1\4168","file","8192","2026-08-14T00:32:10.9899628Z"
"data\pgdata\base\1\4169","file","0","2026-08-14T00:32:10.3851065Z"
"data\pgdata\base\1\4170","file","8192","2026-08-14T00:32:10.9899628Z"
"data\pgdata\base\1\4171","file","0","2026-08-14T00:32:10.3690235Z"
"data\pgdata\base\1\4172","file","8192","2026-08-14T00:32:11.0213354Z"
"data\pgdata\base\1\4173","file","0","2026-08-14T00:32:10.3851065Z"
"data\pgdata\base\1\4174","file","8192","2026-08-14T00:32:10.9899628Z"
"data\pgdata\base\1\5002","file","8192","2026-08-14T00:32:10.7981511Z"
"data\pgdata\base\1\548","file","8192","2026-08-14T00:32:10.8300726Z"
"data\pgdata\base\1\549","file","8192","2026-08-14T00:32:10.8141362Z"
"data\pgdata\base\1\6102","file","0","2026-08-14T00:32:10.3690235Z"
"data\pgdata\base\1\6104","file","0","2026-08-14T00:32:10.3690235Z"
"data\pgdata\base\1\6106","file","0","2026-08-14T00:32:10.3690235Z"
"data\pgdata\base\1\6110","file","8192","2026-08-14T00:32:10.7981511Z"
"data\pgdata\base\1\6111","file","8192","2026-08-14T00:32:10.7981511Z"
"data\pgdata\base\1\6112","file","8192","2026-08-14T00:32:10.7911189Z"
"data\pgdata\base\1\6113","file","8192","2026-08-14T00:32:10.7911189Z"
"data\pgdata\base\1\6116","file","8192","2026-08-14T00:32:10.7911189Z"
"data\pgdata\base\1\6117","file","8192","2026-08-14T00:32:10.7850024Z"
"data\pgdata\base\1\6175","file","0","2026-08-14T00:32:10.3851065Z"
"data\pgdata\base\1\6176","file","8192","2026-08-14T00:32:10.9774145Z"
"data\pgdata\base\1\6228","file","0","2026-08-14T00:32:10.3944528Z"
"data\pgdata\base\1\6229","file","8192","2026-08-14T00:32:10.9774145Z"
"data\pgdata\base\1\6237","file","0","2026-08-14T00:32:10.3690235Z"
"data\pgdata\base\1\6238","file","8192","2026-08-14T00:32:10.7981511Z"
"data\pgdata\base\1\6239","file","8192","2026-08-14T00:32:10.7981511Z"
"data\pgdata\base\1\826","file","0","2026-08-14T00:32:10.3529331Z"
"data\pgdata\base\1\827","file","8192","2026-08-14T00:32:10.8141362Z"
"data\pgdata\base\1\828","file","8192","2026-08-14T00:32:10.8141362Z"
"data\pgdata\base\1\pg_filenode.map","file","524","2026-08-14T00:32:11.0234537Z"
"data\pgdata\base\1\pg_internal.init","file","160932","2026-08-16T01:02:15.8724991Z"
"data\pgdata\base\1\PG_VERSION","file","3","2026-08-14T00:32:11.1652630Z"
"data\pgdata\base\16384\112","file","8192","2026-08-14T00:32:18.9694213Z"
"data\pgdata\base\16384\113","file","8192","2026-08-14T00:32:18.9694213Z"
"data\pgdata\base\16384\1247","file","163840","2026-08-14T21:17:31.0843414Z"
"data\pgdata\base\16384\1247_fsm","file","24576","2026-08-14T00:32:22.1222840Z"
"data\pgdata\base\16384\1247_vm","file","8192","2026-08-14T00:32:22.1222840Z"
"data\pgdata\base\16384\1249","file","835584","2026-08-16T01:01:09.8378796Z"
"data\pgdata\base\16384\1249_fsm","file","24576","2026-08-14T00:37:34.2863767Z"
"data\pgdata\base\16384\1249_vm","file","8192","2026-08-16T01:01:09.8378796Z"
"data\pgdata\base\16384\1255","file","876544","2026-08-14T21:22:31.2085626Z"
"data\pgdata\base\16384\1255_fsm","file","24576","2026-08-14T00:32:22.1222840Z"
"data\pgdata\base\16384\1255_vm","file","8192","2026-08-14T00:32:22.1222840Z"
"data\pgdata\base\16384\1259","file","212992","2026-08-26T14:31:39.9770183Z"
"data\pgdata\base\16384\1259_fsm","file","24576","2026-08-14T00:32:22.1222840Z"
"data\pgdata\base\16384\1259_vm","file","8192","2026-08-14T00:32:22.1222840Z"
"data\pgdata\base\16384\1417","file","0","2026-08-14T00:32:18.7248746Z"
"data\pgdata\base\16384\1418","file","0","2026-08-14T00:32:18.6906949Z"
"data\pgdata\base\16384\14934","file","65536","2026-08-14T00:32:19.0401263Z"
"data\pgdata\base\16384\14934_fsm","file","24576","2026-08-14T00:32:19.0401263Z"
"data\pgdata\base\16384\14934_vm","file","8192","2026-08-14T00:32:19.0401263Z"
"data\pgdata\base\16384\14937","file","0","2026-08-14T00:32:18.7428410Z"
"data\pgdata\base\16384\14938","file","8192","2026-08-14T00:32:19.0401263Z"
"data\pgdata\base\16384\14939","file","8192","2026-08-14T00:32:19.0401263Z"
"data\pgdata\base\16384\14939_fsm","file","24576","2026-08-14T00:32:19.0401263Z"
"data\pgdata\base\16384\14939_vm","file","8192","2026-08-14T00:32:19.0401263Z"
"data\pgdata\base\16384\14942","file","0","2026-08-14T00:32:18.7448497Z"
"data\pgdata\base\16384\14943","file","8192","2026-08-14T00:32:19.0401263Z"
"data\pgdata\base\16384\14944","file","8192","2026-08-14T00:32:19.0401263Z"
"data\pgdata\base\16384\14944_fsm","file","24576","2026-08-14T00:32:19.0401263Z"
"data\pgdata\base\16384\14944_vm","file","8192","2026-08-14T00:32:19.0401263Z"
"data\pgdata\base\16384\14947","file","0","2026-08-14T00:32:18.7408319Z"
"data\pgdata\base\16384\14948","file","8192","2026-08-14T00:32:19.0401263Z"
"data\pgdata\base\16384\14949","file","8192","2026-08-14T00:32:19.0401263Z"
"data\pgdata\base\16384\14949_fsm","file","24576","2026-08-14T00:32:19.0401263Z"
"data\pgdata\base\16384\14949_vm","file","8192","2026-08-14T00:32:19.0401263Z"
"data\pgdata\base\16384\14952","file","0","2026-08-14T00:32:18.7428410Z"
"data\pgdata\base\16384\14953","file","8192","2026-08-14T00:32:19.0401263Z"
"data\pgdata\base\16384\16386","file","8192","2026-08-14T00:37:57.3326043Z"
"data\pgdata\base\16384\16386_fsm","file","24576","2026-08-14T00:37:57.6631512Z"
"data\pgdata\base\16384\16386_vm","file","8192","2026-08-14T00:37:57.7712715Z"
"data\pgdata\base\16384\16389","file","16384","2026-08-14T00:37:57.8868987Z"
"data\pgdata\base\16384\17053","file","0","2026-08-14T00:32:21.3350751Z"
"data\pgdata\base\16384\17061","file","0","2026-08-14T00:32:21.3350751Z"
"data\pgdata\base\16384\17062","file","8192","2026-08-14T00:32:21.3350751Z"
"data\pgdata\base\16384\17063","file","8192","2026-08-14T00:32:21.3350751Z"
"data\pgdata\base\16384\17065","file","8192","2026-08-14T00:32:21.3350751Z"
"data\pgdata\base\16384\17081","file","0","2026-08-14T00:32:21.3667706Z"
"data\pgdata\base\16384\17087","file","0","2026-08-14T00:32:21.3667706Z"
"data\pgdata\base\16384\17088","file","8192","2026-08-14T00:32:21.3667706Z"
"data\pgdata\base\16384\17089","file","8192","2026-08-14T00:32:21.3667706Z"
"data\pgdata\base\16384\17091","file","0","2026-08-14T00:32:21.3667706Z"
"data\pgdata\base\16384\17096","file","0","2026-08-14T00:32:21.3667706Z"
"data\pgdata\base\16384\17097","file","8192","2026-08-14T00:32:21.3667706Z"
"data\pgdata\base\16384\17098","file","8192","2026-08-14T00:32:21.3667706Z"
"data\pgdata\base\16384\17100","file","8192","2026-08-14T00:37:57.9884134Z"
"data\pgdata\base\16384\17104","file","0","2026-08-14T00:32:21.3825501Z"
"data\pgdata\base\16384\17105","file","8192","2026-08-14T00:32:21.3825501Z"
"data\pgdata\base\16384\17106","file","16384","2026-08-14T00:37:58.2065356Z"
"data\pgdata\base\16384\17108","file","0","2026-08-14T00:32:21.3825501Z"
"data\pgdata\base\16384\17114","file","0","2026-08-14T00:32:21.3825501Z"
"data\pgdata\base\16384\17115","file","8192","2026-08-14T00:32:21.3825501Z"
"data\pgdata\base\16384\17116","file","8192","2026-08-14T00:32:21.3825501Z"
"data\pgdata\base\16384\17119","file","8192","2026-08-14T00:32:21.3825501Z"
"data\pgdata\base\16384\17120","file","0","2026-08-14T00:32:21.3825501Z"
"data\pgdata\base\16384\17128","file","0","2026-08-14T00:32:21.3825501Z"
"data\pgdata\base\16384\17129","file","8192","2026-08-14T00:32:21.3825501Z"
"data\pgdata\base\16384\17130","file","8192","2026-08-14T00:32:21.3981974Z"
"data\pgdata\base\16384\17132","file","8192","2026-08-14T00:32:21.3981974Z"
"data\pgdata\base\16384\17144","file","0","2026-08-14T00:32:21.3981974Z"
"data\pgdata\base\16384\17147","file","0","2026-08-14T00:32:21.3981974Z"
"data\pgdata\base\16384\17148","file","8192","2026-08-14T00:32:21.3981974Z"
"data\pgdata\base\16384\17149","file","8192","2026-08-14T00:32:21.3981974Z"
"data\pgdata\base\16384\17150","file","8192","2026-08-14T00:32:21.3981974Z"
"data\pgdata\base\16384\17151","file","0","2026-08-14T00:32:21.3981974Z"
"data\pgdata\base\16384\17155","file","0","2026-08-14T00:32:21.4139731Z"
"data\pgdata\base\16384\17156","file","8192","2026-08-14T00:32:21.4139731Z"
"data\pgdata\base\16384\17157","file","8192","2026-08-14T00:32:21.4139731Z"
"data\pgdata\base\16384\17159","file","0","2026-08-14T00:32:21.4139731Z"
"data\pgdata\base\16384\17163","file","0","2026-08-14T00:32:21.4139731Z"
"data\pgdata\base\16384\17164","file","8192","2026-08-14T00:32:21.4139731Z"
"data\pgdata\base\16384\17165","file","8192","2026-08-14T00:32:21.4139731Z"
"data\pgdata\base\16384\17167","file","0","2026-08-14T00:32:21.4139731Z"
"data\pgdata\base\16384\17170","file","0","2026-08-14T00:32:21.4139731Z"
"data\pgdata\base\16384\17171","file","8192","2026-08-14T00:32:21.4139731Z"
"data\pgdata\base\16384\17172","file","8192","2026-08-14T00:32:21.4139731Z"
"data\pgdata\base\16384\17174","file","0","2026-08-14T00:32:21.4229432Z"
"data\pgdata\base\16384\17178","file","0","2026-08-14T00:32:21.4229432Z"
"data\pgdata\base\16384\17179","file","8192","2026-08-14T00:32:21.4229432Z"
"data\pgdata\base\16384\17180","file","8192","2026-08-14T00:32:21.4229432Z"
"data\pgdata\base\16384\17182","file","0","2026-08-14T00:32:21.4298508Z"
"data\pgdata\base\16384\17185","file","0","2026-08-14T00:32:21.4298508Z"
"data\pgdata\base\16384\17186","file","8192","2026-08-14T00:32:21.4298508Z"
"data\pgdata\base\16384\17187","file","8192","2026-08-14T00:32:21.4298508Z"
"data\pgdata\base\16384\17189","file","0","2026-08-14T00:32:21.4298508Z"
"data\pgdata\base\16384\17192","file","0","2026-08-14T00:32:21.4298508Z"
"data\pgdata\base\16384\17193","file","8192","2026-08-14T00:32:21.4298508Z"
"data\pgdata\base\16384\17194","file","8192","2026-08-14T00:32:21.4298508Z"
"data\pgdata\base\16384\17196","file","8192","2026-08-14T00:32:21.4298508Z"
"data\pgdata\base\16384\17197","file","0","2026-08-14T00:32:21.4298508Z"
"data\pgdata\base\16384\17200","file","0","2026-08-14T00:32:21.4298508Z"
"data\pgdata\base\16384\17201","file","8192","2026-08-14T00:32:21.4298508Z"
"data\pgdata\base\16384\17202","file","8192","2026-08-14T00:32:21.4298508Z"
"data\pgdata\base\16384\17204","file","8192","2026-08-14T00:32:21.4298508Z"
"data\pgdata\base\16384\17206","file","8192","2026-08-14T00:32:21.4457206Z"
"data\pgdata\base\16384\17208","file","8192","2026-08-14T00:32:21.4457206Z"
"data\pgdata\base\16384\17209","file","0","2026-08-14T00:32:21.4457206Z"
"data\pgdata\base\16384\17212","file","0","2026-08-14T00:32:21.4457206Z"
"data\pgdata\base\16384\17213","file","8192","2026-08-14T00:32:21.4457206Z"
"data\pgdata\base\16384\17214","file","8192","2026-08-14T00:32:21.4457206Z"
"data\pgdata\base\16384\17216","file","8192","2026-08-14T00:32:21.4457206Z"
"data\pgdata\base\16384\17217","file","0","2026-08-14T00:32:21.4457206Z"
"data\pgdata\base\16384\17220","file","0","2026-08-14T00:32:21.4457206Z"
"data\pgdata\base\16384\17221","file","8192","2026-08-14T00:32:21.4457206Z"
"data\pgdata\base\16384\17222","file","8192","2026-08-14T00:32:21.4457206Z"
"data\pgdata\base\16384\17224","file","8192","2026-08-14T00:32:21.4457206Z"
"data\pgdata\base\16384\17225","file","0","2026-08-14T00:32:21.4457206Z"
"data\pgdata\base\16384\17228","file","0","2026-08-14T00:32:21.4617245Z"
"data\pgdata\base\16384\17229","file","8192","2026-08-14T00:32:21.4617245Z"
"data\pgdata\base\16384\17230","file","8192","2026-08-14T00:32:21.4617245Z"
"data\pgdata\base\16384\17232","file","8192","2026-08-14T00:32:21.4617245Z"
"data\pgdata\base\16384\17233","file","8192","2026-08-14T00:32:21.4617245Z"
"data\pgdata\base\16384\17234","file","0","2026-08-14T00:32:21.4617245Z"
"data\pgdata\base\16384\17237","file","0","2026-08-14T00:32:21.4617245Z"
"data\pgdata\base\16384\17238","file","8192","2026-08-14T00:32:21.4617245Z"
"data\pgdata\base\16384\17239","file","8192","2026-08-14T00:32:21.4617245Z"
"data\pgdata\base\16384\17241","file","0","2026-08-14T00:32:21.4617245Z"
"data\pgdata\base\16384\17244","file","0","2026-08-14T00:32:21.4617245Z"
"data\pgdata\base\16384\17245","file","8192","2026-08-14T00:32:21.4617245Z"
"data\pgdata\base\16384\17246","file","8192","2026-08-14T00:32:21.4617245Z"
"data\pgdata\base\16384\17248","file","8192","2026-08-14T00:32:21.4617245Z"
"data\pgdata\base\16384\17249","file","0","2026-08-14T00:32:21.4774032Z"
"data\pgdata\base\16384\17256","file","0","2026-08-14T00:32:21.4774032Z"
"data\pgdata\base\16384\17257","file","8192","2026-08-14T00:32:21.4774032Z"
"data\pgdata\base\16384\17258","file","8192","2026-08-14T00:32:21.4774032Z"
"data\pgdata\base\16384\17260","file","0","2026-08-14T00:32:21.4774032Z"
"data\pgdata\base\16384\17266","file","0","2026-08-14T00:32:21.4774032Z"
"data\pgdata\base\16384\17267","file","8192","2026-08-14T00:32:21.4774032Z"
"data\pgdata\base\16384\17268","file","8192","2026-08-14T00:32:21.4774032Z"
"data\pgdata\base\16384\17270","file","0","2026-08-14T00:32:21.4774032Z"
"data\pgdata\base\16384\17274","file","8192","2026-08-14T00:32:21.4774032Z"
"data\pgdata\base\16384\17276","file","0","2026-08-14T00:32:21.4774032Z"
"data\pgdata\base\16384\17280","file","0","2026-08-14T00:32:21.4774032Z"
"data\pgdata\base\16384\17281","file","8192","2026-08-14T00:32:21.4774032Z"
"data\pgdata\base\16384\17282","file","8192","2026-08-14T00:32:21.4774032Z"
"data\pgdata\base\16384\17284","file","8192","2026-08-14T00:32:22.1562515Z"
"data\pgdata\base\16384\17285","file","0","2026-08-14T00:32:21.4930491Z"
"data\pgdata\base\16384\17293","file","0","2026-08-14T00:32:21.4930491Z"
"data\pgdata\base\16384\17294","file","8192","2026-08-14T00:32:21.4930491Z"
"data\pgdata\base\16384\17295","file","8192","2026-08-14T00:32:21.4930491Z"
"data\pgdata\base\16384\17297","file","0","2026-08-14T00:32:21.4930491Z"
"data\pgdata\base\16384\17301","file","0","2026-08-14T00:32:21.4930491Z"
"data\pgdata\base\16384\17302","file","8192","2026-08-14T00:32:21.4930491Z"
"data\pgdata\base\16384\17303","file","8192","2026-08-14T00:32:21.4930491Z"
"data\pgdata\base\16384\17307","file","0","2026-08-14T00:32:21.5018273Z"
"data\pgdata\base\16384\17317","file","0","2026-08-14T00:32:21.5088925Z"
"data\pgdata\base\16384\17318","file","8192","2026-08-14T00:32:21.5088925Z"
"data\pgdata\base\16384\17319","file","8192","2026-08-14T00:32:21.5088925Z"
"data\pgdata\base\16384\17321","file","0","2026-08-14T00:32:21.5088925Z"
"data\pgdata\base\16384\17328","file","0","2026-08-14T00:32:21.5088925Z"
"data\pgdata\base\16384\17329","file","8192","2026-08-14T00:32:21.5088925Z"
"data\pgdata\base\16384\17330","file","8192","2026-08-14T00:32:21.5088925Z"
"data\pgdata\base\16384\17332","file","8192","2026-08-14T00:32:21.5088925Z"
"data\pgdata\base\16384\17333","file","0","2026-08-14T00:32:21.5088925Z"
"data\pgdata\base\16384\17343","file","0","2026-08-14T00:32:21.5088925Z"
"data\pgdata\base\16384\17344","file","8192","2026-08-14T00:32:21.5245431Z"
"data\pgdata\base\16384\17345","file","8192","2026-08-14T00:32:21.5245431Z"
"data\pgdata\base\16384\17347","file","8192","2026-08-14T00:32:21.5245431Z"
"data\pgdata\base\16384\17348","file","0","2026-08-14T00:32:21.5245431Z"
"data\pgdata\base\16384\17353","file","8192","2026-08-14T00:32:21.5245431Z"
"data\pgdata\base\16384\17355","file","0","2026-08-14T00:32:21.5329274Z"
"data\pgdata\base\16384\17365","file","0","2026-08-14T00:32:21.5329274Z"
"data\pgdata\base\16384\17366","file","8192","2026-08-14T00:32:21.5329274Z"
"data\pgdata\base\16384\17367","file","8192","2026-08-14T00:32:21.5329274Z"
"data\pgdata\base\16384\17369","file","8192","2026-08-14T00:32:21.5405209Z"
"data\pgdata\base\16384\17370","file","0","2026-08-14T00:32:21.5405209Z"
"data\pgdata\base\16384\17377","file","8192","2026-08-14T00:32:21.5405209Z"
"data\pgdata\base\16384\17379","file","8192","2026-08-14T00:32:21.5405209Z"
"data\pgdata\base\16384\17380","file","0","2026-08-14T00:32:21.5405209Z"
"data\pgdata\base\16384\17387","file","0","2026-08-14T00:32:21.5405209Z"
"data\pgdata\base\16384\17388","file","8192","2026-08-14T00:32:21.5405209Z"
"data\pgdata\base\16384\17389","file","8192","2026-08-14T00:32:21.5405209Z"
"data\pgdata\base\16384\17391","file","8192","2026-08-14T00:32:21.5405209Z"
"data\pgdata\base\16384\17393","file","8192","2026-08-14T00:32:21.5405209Z"
"data\pgdata\base\16384\17395","file","0","2026-08-14T00:32:21.5565822Z"
"data\pgdata\base\16384\174","file","8192","2026-08-14T00:32:18.9694213Z"
"data\pgdata\base\16384\17403","file","0","2026-08-14T00:32:21.5573021Z"
"data\pgdata\base\16384\17404","file","8192","2026-08-14T00:32:21.5587549Z"
"data\pgdata\base\16384\17405","file","8192","2026-08-14T00:32:21.5593986Z"
"data\pgdata\base\16384\17407","file","8192","2026-08-14T00:32:21.5593986Z"
"data\pgdata\base\16384\17412","file","8192","2026-08-14T00:32:21.5593986Z"
"data\pgdata\base\16384\17413","file","8192","2026-08-14T00:37:58.3158729Z"
"data\pgdata\base\16384\17422","file","0","2026-08-14T00:32:21.5728029Z"
"data\pgdata\base\16384\17423","file","8192","2026-08-14T00:32:21.5740156Z"
"data\pgdata\base\16384\17424","file","16384","2026-08-14T00:32:22.1562515Z"
"data\pgdata\base\16384\17426","file","0","2026-08-14T00:32:21.5770172Z"
"data\pgdata\base\16384\17431","file","8192","2026-08-14T00:32:21.5780145Z"
"data\pgdata\base\16384\17433","file","8192","2026-08-26T08:01:39.1210698Z"
"data\pgdata\base\16384\17440","file","0","2026-08-14T00:32:21.5810156Z"
"data\pgdata\base\16384\17441","file","8192","2026-08-14T00:32:21.5820126Z"
"data\pgdata\base\16384\17442","file","16384","2026-08-16T09:01:16.3850477Z"
"data\pgdata\base\16384\17444","file","16384","2026-08-16T09:01:16.4970097Z"
"data\pgdata\base\16384\17445","file","0","2026-08-14T00:32:21.5860129Z"
"data\pgdata\base\16384\17451","file","0","2026-08-14T00:32:21.5870142Z"
"data\pgdata\base\16384\17452","file","8192","2026-08-14T00:32:21.5870142Z"
"data\pgdata\base\16384\17453","file","8192","2026-08-14T00:32:21.5880155Z"
"data\pgdata\base\16384\17455","file","8192","2026-08-14T00:32:21.5905463Z"
"data\pgdata\base\16384\17456","file","8192","2026-08-26T23:37:34.5759753Z"
"data\pgdata\base\16384\17457","file","1531904","2026-08-26T23:37:34.5779747Z"
"data\pgdata\base\16384\17457_fsm","file","24576","2026-08-24T13:51:37.3376496Z"
"data\pgdata\base\16384\17457_vm","file","8192","2026-08-24T10:31:37.5209891Z"
"data\pgdata\base\16384\17464","file","409600","2026-08-26T23:37:34.5779747Z"
"data\pgdata\base\16384\17466","file","409600","2026-08-26T23:37:34.5799738Z"
"data\pgdata\base\16384\17467","file","8192","2026-08-26T08:01:39.8858443Z"
"data\pgdata\base\16384\17473","file","0","2026-08-14T00:32:21.5985214Z"
"data\pgdata\base\16384\17474","file","8192","2026-08-14T00:32:21.5995221Z"
"data\pgdata\base\16384\17475","file","16384","2026-08-26T08:01:40.0039019Z"
"data\pgdata\base\16384\17477","file","16384","2026-08-26T08:01:40.1162665Z"
"data\pgdata\base\16384\17478","file","0","2026-08-14T00:32:21.6061976Z"
"data\pgdata\base\16384\17487","file","0","2026-08-14T00:32:21.6061976Z"
"data\pgdata\base\16384\17488","file","8192","2026-08-14T00:32:21.6061976Z"
"data\pgdata\base\16384\17489","file","8192","2026-08-14T00:32:21.6061976Z"
"data\pgdata\base\16384\17491","file","8192","2026-08-14T00:32:21.6061976Z"
"data\pgdata\base\16384\17492","file","0","2026-08-14T00:32:21.6061976Z"
"data\pgdata\base\16384\17495","file","0","2026-08-14T00:32:21.6061976Z"
"data\pgdata\base\16384\17496","file","8192","2026-08-14T00:32:21.6061976Z"
"data\pgdata\base\16384\17497","file","8192","2026-08-14T00:32:21.6061976Z"
"data\pgdata\base\16384\17499","file","8192","2026-08-14T00:32:21.6061976Z"
"data\pgdata\base\16384\175","file","8192","2026-08-14T00:32:18.9694213Z"
"data\pgdata\base\16384\17501","file","0","2026-08-14T00:32:21.6214807Z"
"data\pgdata\base\16384\17506","file","0","2026-08-14T00:32:21.6245088Z"
"data\pgdata\base\16384\17507","file","8192","2026-08-14T00:32:21.6245088Z"
"data\pgdata\base\16384\17508","file","8192","2026-08-14T00:32:21.6265192Z"
"data\pgdata\base\16384\17510","file","0","2026-08-14T00:32:21.6265192Z"
"data\pgdata\base\16384\17518","file","0","2026-08-14T00:32:21.6265192Z"
"data\pgdata\base\16384\17519","file","8192","2026-08-14T00:32:21.6265192Z"
"data\pgdata\base\16384\17520","file","8192","2026-08-14T00:32:21.6265192Z"
"data\pgdata\base\16384\17522","file","8192","2026-08-14T00:32:21.6265192Z"
"data\pgdata\base\16384\17523","file","0","2026-08-14T00:32:21.6265192Z"
"data\pgdata\base\16384\17536","file","8192","2026-08-14T00:32:21.6265192Z"
"data\pgdata\base\16384\17538","file","8192","2026-08-14T00:32:21.6372827Z"
"data\pgdata\base\16384\17539","file","0","2026-08-14T00:32:21.6372827Z"
"data\pgdata\base\16384\17545","file","8192","2026-08-14T00:32:21.6372827Z"
"data\pgdata\base\16384\17547","file","8192","2026-08-14T00:32:21.6372827Z"
"data\pgdata\base\16384\17548","file","0","2026-08-14T00:32:21.6372827Z"
"data\pgdata\base\16384\17556","file","0","2026-08-14T00:32:21.6372827Z"
"data\pgdata\base\16384\17557","file","8192","2026-08-14T00:32:21.6372827Z"
"data\pgdata\base\16384\17558","file","8192","2026-08-14T00:32:21.6372827Z"
"data\pgdata\base\16384\17560","file","8192","2026-08-14T00:32:21.6372827Z"
"data\pgdata\base\16384\17561","file","0","2026-08-14T00:32:21.6372827Z"
"data\pgdata\base\16384\17569","file","0","2026-08-14T00:32:21.6372827Z"
"data\pgdata\base\16384\17570","file","8192","2026-08-14T00:32:21.6372827Z"
"data\pgdata\base\16384\17571","file","8192","2026-08-14T00:32:21.6372827Z"
"data\pgdata\base\16384\17573","file","8192","2026-08-14T00:32:21.6533929Z"
"data\pgdata\base\16384\17574","file","0","2026-08-14T00:32:21.6533929Z"
"data\pgdata\base\16384\17579","file","0","2026-08-14T00:32:21.6533929Z"
"data\pgdata\base\16384\17580","file","8192","2026-08-14T00:32:21.6533929Z"
"data\pgdata\base\16384\17581","file","8192","2026-08-14T00:32:21.6533929Z"
"data\pgdata\base\16384\17583","file","8192","2026-08-14T00:32:21.6533929Z"
"data\pgdata\base\16384\17584","file","8192","2026-08-14T00:32:21.6533929Z"
"data\pgdata\base\16384\17585","file","0","2026-08-14T00:32:21.6533929Z"
"data\pgdata\base\16384\17589","file","8192","2026-08-14T00:32:21.6533929Z"
"data\pgdata\base\16384\17591","file","8192","2026-08-14T00:32:21.6533929Z"
"data\pgdata\base\16384\17593","file","8192","2026-08-14T00:32:21.6533929Z"
"data\pgdata\base\16384\17594","file","0","2026-08-14T00:32:21.6533929Z"
"data\pgdata\base\16384\17599","file","0","2026-08-14T00:32:21.6533929Z"
"data\pgdata\base\16384\17600","file","8192","2026-08-14T00:32:21.6533929Z"
"data\pgdata\base\16384\17601","file","8192","2026-08-14T00:32:21.6533929Z"
"data\pgdata\base\16384\17603","file","8192","2026-08-14T00:32:21.6693340Z"
"data\pgdata\base\16384\17604","file","0","2026-08-14T00:32:21.6693340Z"
"data\pgdata\base\16384\17610","file","8192","2026-08-14T00:32:21.6693340Z"
"data\pgdata\base\16384\17612","file","8192","2026-08-14T00:32:21.6693340Z"
"data\pgdata\base\16384\17613","file","0","2026-08-14T00:32:21.6693340Z"
"data\pgdata\base\16384\17617","file","8192","2026-08-14T00:32:21.6693340Z"
"data\pgdata\base\16384\17619","file","8192","2026-08-14T00:32:21.6693340Z"
"data\pgdata\base\16384\17622","file","0","2026-08-14T00:32:21.6853767Z"
"data\pgdata\base\16384\17630","file","0","2026-08-14T00:32:21.6899737Z"
"data\pgdata\base\16384\17631","file","8192","2026-08-14T00:32:21.6907496Z"
"data\pgdata\base\16384\17632","file","8192","2026-08-14T00:32:21.6907496Z"
"data\pgdata\base\16384\17634","file","0","2026-08-14T00:32:21.6949039Z"
"data\pgdata\base\16384\17644","file","0","2026-08-14T00:32:21.6949039Z"
"data\pgdata\base\16384\17645","file","8192","2026-08-14T00:32:21.6949039Z"
"data\pgdata\base\16384\17646","file","8192","2026-08-14T00:32:21.6969155Z"
"data\pgdata\base\16384\17648","file","8192","2026-08-14T00:32:21.6989240Z"
"data\pgdata\base\16384\17649","file","0","2026-08-14T00:32:21.6989240Z"
"data\pgdata\base\16384\17656","file","8192","2026-08-14T00:32:21.7031914Z"
"data\pgdata\base\16384\17658","file","0","2026-08-14T00:32:21.7065707Z"
"data\pgdata\base\16384\17667","file","0","2026-08-14T00:32:21.7065707Z"
"data\pgdata\base\16384\17668","file","8192","2026-08-14T00:32:21.7086445Z"
"data\pgdata\base\16384\17669","file","8192","2026-08-14T00:32:21.7096430Z"
"data\pgdata\base\16384\17671","file","8192","2026-08-14T00:32:21.7116430Z"
"data\pgdata\base\16384\17672","file","8192","2026-08-14T00:32:21.7136453Z"
"data\pgdata\base\16384\17673","file","0","2026-08-14T00:32:21.7176432Z"
"data\pgdata\base\16384\17679","file","8192","2026-08-14T00:32:21.7186429Z"
"data\pgdata\base\16384\17681","file","8192","2026-08-14T00:32:21.7206434Z"
"data\pgdata\base\16384\17682","file","0","2026-08-14T00:32:21.7226444Z"
"data\pgdata\base\16384\17688","file","0","2026-08-14T00:32:21.7236415Z"
"data\pgdata\base\16384\17689","file","8192","2026-08-14T00:32:21.7246415Z"
"data\pgdata\base\16384\17690","file","8192","2026-08-14T00:32:21.7266433Z"
"data\pgdata\base\16384\17692","file","8192","2026-08-14T00:32:21.7276425Z"
"data\pgdata\base\16384\17693","file","0","2026-08-14T00:32:21.7296431Z"
"data\pgdata\base\16384\17701","file","8192","2026-08-14T00:32:21.7306402Z"
"data\pgdata\base\16384\17703","file","8192","2026-08-14T00:32:21.7326441Z"
"data\pgdata\base\16384\17704","file","0","2026-08-14T00:32:21.7346442Z"
"data\pgdata\base\16384\17714","file","8192","2026-08-14T00:32:21.7356420Z"
"data\pgdata\base\16384\17716","file","8192","2026-08-14T00:32:21.7376421Z"
"data\pgdata\base\16384\17717","file","0","2026-08-14T00:32:21.7396408Z"
"data\pgdata\base\16384\17722","file","0","2026-08-14T00:32:21.7396408Z"
"data\pgdata\base\16384\17723","file","8192","2026-08-14T00:32:21.7408267Z"
"data\pgdata\base\16384\17724","file","8192","2026-08-14T00:32:21.7418277Z"
"data\pgdata\base\16384\17726","file","8192","2026-08-14T00:32:21.7418277Z"
"data\pgdata\base\16384\17728","file","8192","2026-08-14T00:32:21.7438279Z"
"data\pgdata\base\16384\17729","file","0","2026-08-14T00:32:21.7448277Z"
"data\pgdata\base\16384\17736","file","0","2026-08-14T00:32:21.7458316Z"
"data\pgdata\base\16384\17737","file","8192","2026-08-14T00:32:21.7458316Z"
"data\pgdata\base\16384\17738","file","8192","2026-08-14T00:32:21.7468312Z"
"data\pgdata\base\16384\17740","file","8192","2026-08-14T00:32:21.7488280Z"
"data\pgdata\base\16384\17741","file","8192","2026-08-14T00:32:21.7498272Z"
"data\pgdata\base\16384\17745","file","8192","2026-08-14T00:32:22.1674632Z"
"data\pgdata\base\16384\17746","file","0","2026-08-14T00:32:21.7571251Z"
"data\pgdata\base\16384\17756","file","8192","2026-08-14T00:32:21.7571251Z"
"data\pgdata\base\16384\17758","file","8192","2026-08-14T00:32:21.7571251Z"
"data\pgdata\base\16384\17759","file","0","2026-08-14T00:32:21.7571251Z"
"data\pgdata\base\16384\17767","file","0","2026-08-14T00:32:21.7571251Z"
"data\pgdata\base\16384\17768","file","8192","2026-08-14T00:32:21.7571251Z"
"data\pgdata\base\16384\17769","file","8192","2026-08-14T00:32:21.7571251Z"
"data\pgdata\base\16384\17771","file","0","2026-08-14T00:32:21.7571251Z"
"data\pgdata\base\16384\17780","file","0","2026-08-14T00:32:21.7571251Z"
"data\pgdata\base\16384\17781","file","8192","2026-08-14T00:32:21.7571251Z"
"data\pgdata\base\16384\17782","file","8192","2026-08-14T00:32:21.7571251Z"
"data\pgdata\base\16384\17784","file","8192","2026-08-14T00:32:21.7571251Z"
"data\pgdata\base\16384\17786","file","8192","2026-08-14T00:32:21.7571251Z"
"data\pgdata\base\16384\17787","file","8192","2026-08-14T00:32:21.7571251Z"
"data\pgdata\base\16384\17788","file","0","2026-08-14T00:32:21.7730400Z"
"data\pgdata\base\16384\17797","file","8192","2026-08-14T00:32:21.7730400Z"
"data\pgdata\base\16384\17799","file","8192","2026-08-14T00:32:21.7730400Z"
"data\pgdata\base\16384\17800","file","8192","2026-08-14T00:32:21.7730400Z"
"data\pgdata\base\16384\17801","file","0","2026-08-14T00:32:21.7730400Z"
"data\pgdata\base\16384\17807","file","8192","2026-08-14T00:32:21.7730400Z"
"data\pgdata\base\16384\17809","file","8192","2026-08-14T00:32:21.7730400Z"
"data\pgdata\base\16384\17810","file","0","2026-08-14T00:32:21.7730400Z"
"data\pgdata\base\16384\17813","file","8192","2026-08-14T00:32:21.7730400Z"
"data\pgdata\base\16384\17815","file","0","2026-08-14T00:32:21.7730400Z"
"data\pgdata\base\16384\17821","file","8192","2026-08-14T00:32:21.7730400Z"
"data\pgdata\base\16384\17823","file","8192","2026-08-14T00:32:21.7914847Z"
"data\pgdata\base\16384\17824","file","0","2026-08-14T00:32:21.7914847Z"
"data\pgdata\base\16384\17832","file","0","2026-08-14T00:32:21.7914847Z"
"data\pgdata\base\16384\17833","file","8192","2026-08-14T00:32:21.7914847Z"
"data\pgdata\base\16384\17834","file","8192","2026-08-14T00:32:21.7914847Z"
"data\pgdata\base\16384\17836","file","8192","2026-08-14T00:32:21.7914847Z"
"data\pgdata\base\16384\17838","file","8192","2026-08-14T00:32:21.7914847Z"
"data\pgdata\base\16384\17839","file","0","2026-08-14T00:32:21.7914847Z"
"data\pgdata\base\16384\17842","file","8192","2026-08-14T00:32:21.7914847Z"
"data\pgdata\base\16384\17844","file","8192","2026-08-14T00:32:21.7914847Z"
"data\pgdata\base\16384\17846","file","8192","2026-08-14T00:32:21.7914847Z"
"data\pgdata\base\16384\17847","file","8192","2026-08-14T00:32:21.8044943Z"
"data\pgdata\base\16384\17848","file","8192","2026-08-14T00:32:21.8204498Z"
"data\pgdata\base\16384\17849","file","8192","2026-08-14T00:32:21.8204498Z"
"data\pgdata\base\16384\17850","file","0","2026-08-14T00:32:21.8204498Z"
"data\pgdata\base\16384\17855","file","8192","2026-08-14T00:32:21.8204498Z"
"data\pgdata\base\16384\17857","file","8192","2026-08-14T00:32:21.8204498Z"
"data\pgdata\base\16384\17858","file","8192","2026-08-14T00:32:21.8204498Z"
"data\pgdata\base\16384\17859","file","8192","2026-08-14T00:32:21.8204498Z"
"data\pgdata\base\16384\17860","file","0","2026-08-14T00:32:21.8204498Z"
"data\pgdata\base\16384\17865","file","0","2026-08-14T00:32:21.8204498Z"
"data\pgdata\base\16384\17866","file","8192","2026-08-14T00:32:21.8204498Z"
"data\pgdata\base\16384\17867","file","8192","2026-08-14T00:32:21.8204498Z"
"data\pgdata\base\16384\17869","file","8192","2026-08-14T00:32:21.8362413Z"
"data\pgdata\base\16384\17870","file","0","2026-08-14T00:32:21.8362413Z"
"data\pgdata\base\16384\17874","file","0","2026-08-14T00:32:21.8362413Z"
"data\pgdata\base\16384\17875","file","8192","2026-08-14T00:32:21.8362413Z"
"data\pgdata\base\16384\17876","file","8192","2026-08-14T00:32:21.8362413Z"
"data\pgdata\base\16384\17878","file","8192","2026-08-14T00:32:21.8362413Z"
"data\pgdata\base\16384\17879","file","8192","2026-08-14T00:32:21.8362413Z"
"data\pgdata\base\16384\17880","file","8192","2026-08-14T00:32:21.8362413Z"
"data\pgdata\base\16384\17881","file","0","2026-08-14T00:32:21.8519166Z"
"data\pgdata\base\16384\17886","file","0","2026-08-14T00:32:21.8519166Z"
"data\pgdata\base\16384\17887","file","8192","2026-08-14T00:32:21.8519166Z"
"data\pgdata\base\16384\17888","file","8192","2026-08-14T00:32:21.8519166Z"
"data\pgdata\base\16384\17890","file","8192","2026-08-14T00:32:21.8519166Z"
"data\pgdata\base\16384\17891","file","8192","2026-08-14T00:32:21.8519166Z"
"data\pgdata\base\16384\17892","file","0","2026-08-14T00:32:21.8519166Z"
"data\pgdata\base\16384\17895","file","8192","2026-08-14T00:32:21.8519166Z"
"data\pgdata\base\16384\17897","file","8192","2026-08-14T00:32:21.8519166Z"
"data\pgdata\base\16384\17898","file","8192","2026-08-14T00:32:21.8677812Z"
"data\pgdata\base\16384\17899","file","8192","2026-08-14T00:32:21.8677812Z"
"data\pgdata\base\16384\17900","file","8192","2026-08-14T00:32:21.8677812Z"
"data\pgdata\base\16384\17901","file","0","2026-08-14T00:32:21.8677812Z"
"data\pgdata\base\16384\17906","file","0","2026-08-14T00:32:21.8677812Z"
"data\pgdata\base\16384\17907","file","8192","2026-08-14T00:32:21.8677812Z"
"data\pgdata\base\16384\17908","file","8192","2026-08-14T00:32:21.8677812Z"
"data\pgdata\base\16384\17910","file","8192","2026-08-14T00:32:21.8677812Z"
"data\pgdata\base\16384\17912","file","8192","2026-08-14T00:32:21.8677812Z"
"data\pgdata\base\16384\17913","file","8192","2026-08-14T00:32:21.8677812Z"
"data\pgdata\base\16384\17914","file","0","2026-08-14T00:32:21.8838312Z"
"data\pgdata\base\16384\17917","file","0","2026-08-14T00:32:21.8838312Z"
"data\pgdata\base\16384\17918","file","8192","2026-08-14T00:32:21.8838312Z"
"data\pgdata\base\16384\17919","file","8192","2026-08-14T00:32:21.8838312Z"
"data\pgdata\base\16384\17921","file","8192","2026-08-14T00:32:21.8838312Z"
"data\pgdata\base\16384\17923","file","8192","2026-08-14T00:32:21.8838312Z"
"data\pgdata\base\16384\17924","file","8192","2026-08-14T00:32:21.8838312Z"
"data\pgdata\base\16384\17925","file","0","2026-08-14T00:32:21.8932589Z"
"data\pgdata\base\16384\17931","file","0","2026-08-14T00:32:21.8952699Z"
"data\pgdata\base\16384\17932","file","8192","2026-08-14T00:32:21.8952699Z"
"data\pgdata\base\16384\17933","file","8192","2026-08-14T00:32:21.8972784Z"
"data\pgdata\base\16384\17935","file","8192","2026-08-14T00:32:21.9013023Z"
"data\pgdata\base\16384\17936","file","0","2026-08-14T00:32:21.9033116Z"
"data\pgdata\base\16384\17942","file","8192","2026-08-14T00:32:21.9053222Z"
"data\pgdata\base\16384\17944","file","8192","2026-08-14T00:32:21.9073338Z"
"data\pgdata\base\16384\17945","file","8192","2026-08-14T00:32:21.9093465Z"
"data\pgdata\base\16384\17946","file","8192","2026-08-14T00:32:21.9123685Z"
"data\pgdata\base\16384\17947","file","0","2026-08-14T00:32:21.9153884Z"
"data\pgdata\base\16384\17951","file","8192","2026-08-14T00:32:21.9153884Z"
"data\pgdata\base\16384\17953","file","8192","2026-08-14T00:32:21.9174003Z"
"data\pgdata\base\16384\17954","file","8192","2026-08-14T00:32:21.9194080Z"
"data\pgdata\base\16384\17955","file","0","2026-08-14T00:32:21.9222114Z"
"data\pgdata\base\16384\17958","file","8192","2026-08-14T00:32:21.9222114Z"
"data\pgdata\base\16384\17960","file","8192","2026-08-14T00:32:21.9222114Z"
"data\pgdata\base\16384\17961","file","0","2026-08-14T00:32:21.9222114Z"
"data\pgdata\base\16384\17967","file","0","2026-08-14T00:32:21.9222114Z"
"data\pgdata\base\16384\17968","file","8192","2026-08-14T00:32:21.9222114Z"
"data\pgdata\base\16384\17969","file","8192","2026-08-14T00:32:21.9315030Z"
"data\pgdata\base\16384\17971","file","8192","2026-08-14T00:32:21.9315030Z"
"data\pgdata\base\16384\17973","file","8192","2026-08-14T00:32:21.9315030Z"
"data\pgdata\base\16384\17974","file","8192","2026-08-14T00:32:21.9315030Z"
"data\pgdata\base\16384\17975","file","0","2026-08-14T00:32:21.9384123Z"
"data\pgdata\base\16384\17983","file","0","2026-08-14T00:32:21.9404233Z"
"data\pgdata\base\16384\17984","file","8192","2026-08-14T00:32:21.9404233Z"
"data\pgdata\base\16384\17985","file","8192","2026-08-14T00:32:21.9404233Z"
"data\pgdata\base\16384\17987","file","8192","2026-08-14T00:32:21.9404233Z"
"data\pgdata\base\16384\17988","file","8192","2026-08-14T00:32:21.9404233Z"
"data\pgdata\base\16384\17989","file","8192","2026-08-14T00:32:21.9474066Z"
"data\pgdata\base\16384\17990","file","8192","2026-08-14T00:32:21.9474066Z"
"data\pgdata\base\16384\17995","file","8192","2026-08-14T00:32:21.9651284Z"
"data\pgdata\base\16384\17996","file","0","2026-08-14T00:32:21.9671406Z"
"data\pgdata\base\16384\18001","file","0","2026-08-14T00:32:21.9671406Z"
"data\pgdata\base\16384\18002","file","8192","2026-08-14T00:32:21.9671406Z"
"data\pgdata\base\16384\18003","file","8192","2026-08-14T00:32:21.9671406Z"
"data\pgdata\base\16384\18005","file","8192","2026-08-14T00:32:21.9671406Z"
"data\pgdata\base\16384\18006","file","0","2026-08-14T00:32:21.9671406Z"
"data\pgdata\base\16384\18010","file","8192","2026-08-14T00:32:21.9671406Z"
"data\pgdata\base\16384\18012","file","0","2026-08-14T00:32:21.9792026Z"
"data\pgdata\base\16384\18015","file","0","2026-08-14T00:32:21.9812071Z"
"data\pgdata\base\16384\18016","file","8192","2026-08-14T00:32:21.9812071Z"
"data\pgdata\base\16384\18017","file","8192","2026-08-14T00:32:21.9812071Z"
"data\pgdata\base\16384\18019","file","0","2026-08-14T00:32:21.9812071Z"
"data\pgdata\base\16384\18022","file","8192","2026-08-14T00:32:21.9812071Z"
"data\pgdata\base\16384\18024","file","8192","2026-08-14T00:32:21.9812071Z"
"data\pgdata\base\16384\18025","file","8192","2026-08-14T00:32:21.9812071Z"
"data\pgdata\base\16384\18026","file","0","2026-08-14T00:32:21.9901788Z"
"data\pgdata\base\16384\18030","file","8192","2026-08-14T00:32:21.9901788Z"
"data\pgdata\base\16384\18032","file","0","2026-08-14T00:32:21.9921884Z"
"data\pgdata\base\16384\18037","file","8192","2026-08-14T00:32:21.9952038Z"
"data\pgdata\base\16384\18039","file","8192","2026-08-14T00:32:21.9952038Z"
"data\pgdata\base\16384\18040","file","8192","2026-08-14T00:32:21.9977175Z"
"data\pgdata\base\16384\18041","file","8192","2026-08-14T00:32:21.9977175Z"
"data\pgdata\base\16384\18042","file","0","2026-08-14T00:32:21.9977175Z"
"data\pgdata\base\16384\18045","file","8192","2026-08-14T00:32:21.9977175Z"
"data\pgdata\base\16384\18047","file","8192","2026-08-14T00:32:21.9977175Z"
"data\pgdata\base\16384\18048","file","0","2026-08-14T00:32:22.0078526Z"
"data\pgdata\base\16384\18051","file","8192","2026-08-14T00:32:22.0078526Z"
"data\pgdata\base\16384\18053","file","8192","2026-08-14T00:32:22.0109941Z"
"data\pgdata\base\16384\18057","file","0","2026-08-14T00:32:22.0152976Z"
"data\pgdata\base\16384\18060","file","8192","2026-08-14T00:32:22.0152976Z"
"data\pgdata\base\16384\18062","file","0","2026-08-14T00:32:22.0268117Z"
"data\pgdata\base\16384\18066","file","8192","2026-08-14T00:32:22.0268117Z"
"data\pgdata\base\16384\18068","file","0","2026-08-14T00:32:22.0268117Z"
"data\pgdata\base\16384\18071","file","8192","2026-08-14T00:32:22.0268117Z"
"data\pgdata\base\16384\18073","file","8192","2026-08-14T00:32:22.0268117Z"
"data\pgdata\base\16384\18074","file","8192","2026-08-14T00:32:22.0268117Z"
"data\pgdata\base\16384\18075","file","8192","2026-08-14T00:32:22.1674632Z"
"data\pgdata\base\16384\2187","file","8192","2026-08-14T00:32:18.9694213Z"
"data\pgdata\base\16384\2224","file","8192","2026-08-14T00:37:37.8405733Z"
"data\pgdata\base\16384\2228","file","16384","2026-08-14T00:32:18.9694213Z"
"data\pgdata\base\16384\2328","file","0","2026-08-14T00:32:18.7248746Z"
"data\pgdata\base\16384\2336","file","0","2026-08-14T00:32:18.6320244Z"
"data\pgdata\base\16384\2337","file","8192","2026-08-14T00:32:18.9694213Z"
"data\pgdata\base\16384\2579","file","16384","2026-08-16T01:01:09.8378796Z"
"data\pgdata\base\16384\2600","file","16384","2026-08-14T00:32:18.9694213Z"
"data\pgdata\base\16384\2600_fsm","file","24576","2026-08-14T00:32:18.9694213Z"
"data\pgdata\base\16384\2600_vm","file","8192","2026-08-14T00:32:18.9694213Z"
"data\pgdata\base\16384\2601","file","8192","2026-08-14T00:32:18.9694213Z"
"data\pgdata\base\16384\2601_fsm","file","24576","2026-08-14T00:32:18.9694213Z"
"data\pgdata\base\16384\2601_vm","file","8192","2026-08-14T00:32:18.9694213Z"
"data\pgdata\base\16384\2602","file","73728","2026-08-14T00:37:38.1862676Z"
"data\pgdata\base\16384\2602_fsm","file","24576","2026-08-14T00:32:22.1222840Z"
"data\pgdata\base\16384\2602_vm","file","8192","2026-08-14T00:32:22.1222840Z"
"data\pgdata\base\16384\2603","file","49152","2026-08-14T00:37:38.4000831Z"
"data\pgdata\base\16384\2603_fsm","file","24576","2026-08-14T00:32:22.1222840Z"
"data\pgdata\base\16384\2603_vm","file","8192","2026-08-14T00:32:22.1222840Z"
"data\pgdata\base\16384\2604","file","57344","2026-08-14T00:37:39.1680376Z"
"data\pgdata\base\16384\2604_fsm","file","24576","2026-08-14T00:32:22.1338931Z"
"data\pgdata\base\16384\2605","file","16384","2026-08-14T00:32:18.9834369Z"
"data\pgdata\base\16384\2605_fsm","file","24576","2026-08-14T00:32:18.9834369Z"
"data\pgdata\base\16384\2605_vm","file","8192","2026-08-14T00:32:18.9834369Z"
"data\pgdata\base\16384\2606","file","188416","2026-08-16T01:01:09.8378796Z"
"data\pgdata\base\16384\2606_fsm","file","24576","2026-08-14T00:32:22.1338931Z"
"data\pgdata\base\16384\2606_vm","file","8192","2026-08-14T00:32:22.1338931Z"
"data\pgdata\base\16384\2607","file","16384","2026-08-14T00:32:18.9834369Z"
"data\pgdata\base\16384\2607_fsm","file","24576","2026-08-14T00:32:18.9834369Z"
"data\pgdata\base\16384\2607_vm","file","8192","2026-08-14T00:32:18.9834369Z"
"data\pgdata\base\16384\2608","file","262144","2026-08-16T01:01:09.8378796Z"
"data\pgdata\base\16384\2608_fsm","file","24576","2026-08-14T00:37:44.1248799Z"
"data\pgdata\base\16384\2608_vm","file","8192","2026-08-16T01:01:09.8378796Z"
"data\pgdata\base\16384\2609","file","368640","2026-08-14T00:32:22.1338931Z"
"data\pgdata\base\16384\2609_fsm","file","24576","2026-08-14T00:32:18.9865278Z"
"data\pgdata\base\16384\2609_vm","file","8192","2026-08-14T00:32:22.1338931Z"
"data\pgdata\base\16384\2610","file","90112","2026-08-16T01:01:09.8378796Z"
"data\pgdata\base\16384\2610_fsm","file","24576","2026-08-14T00:32:22.1338931Z"
"data\pgdata\base\16384\2610_vm","file","8192","2026-08-14T00:32:22.1338931Z"
"data\pgdata\base\16384\2611","file","0","2026-08-14T00:32:18.7014712Z"
"data\pgdata\base\16384\2612","file","8192","2026-08-14T00:32:18.9865278Z"
"data\pgdata\base\16384\2612_fsm","file","24576","2026-08-14T00:32:18.9865278Z"
"data\pgdata\base\16384\2612_vm","file","8192","2026-08-14T00:32:18.9865278Z"
"data\pgdata\base\16384\2613","file","0","2026-08-14T00:32:18.7408319Z"
"data\pgdata\base\16384\2615","file","8192","2026-08-14T00:32:22.1338931Z"
"data\pgdata\base\16384\2615_fsm","file","24576","2026-08-14T00:32:18.9865278Z"
"data\pgdata\base\16384\2615_vm","file","8192","2026-08-14T00:32:22.1338931Z"
"data\pgdata\base\16384\2616","file","32768","2026-08-14T21:17:31.1957617Z"
"data\pgdata\base\16384\2616_fsm","file","24576","2026-08-14T00:32:22.1381261Z"
"data\pgdata\base\16384\2616_vm","file","8192","2026-08-14T00:32:22.1381261Z"
"data\pgdata\base\16384\2617","file","122880","2026-08-14T00:37:45.5198175Z"
"data\pgdata\base\16384\2617_fsm","file","24576","2026-08-14T00:32:22.1381261Z"
"data\pgdata\base\16384\2617_vm","file","8192","2026-08-14T00:32:22.1381261Z"
"data\pgdata\base\16384\2618","file","114688","2026-08-14T00:32:18.9899964Z"
"data\pgdata\base\16384\2618_fsm","file","24576","2026-08-14T00:32:18.9899964Z"
"data\pgdata\base\16384\2618_vm","file","8192","2026-08-14T00:32:18.9899964Z"
"data\pgdata\base\16384\2619","file","229376","2026-08-26T14:31:40.7513352Z"
"data\pgdata\base\16384\2619_fsm","file","24576","2026-08-14T02:22:29.1298242Z"
"data\pgdata\base\16384\2619_vm","file","8192","2026-08-15T00:22:32.2143706Z"
"data\pgdata\base\16384\2620","file","8192","2026-08-14T21:17:31.3014073Z"
"data\pgdata\base\16384\2650","file","16384","2026-08-14T00:32:18.9899964Z"
"data\pgdata\base\16384\2651","file","16384","2026-08-14T00:32:18.9899964Z"
"data\pgdata\base\16384\2652","file","16384","2026-08-14T00:32:18.9899964Z"
"data\pgdata\base\16384\2653","file","57344","2026-08-14T00:32:22.1381261Z"
"data\pgdata\base\16384\2654","file","73728","2026-08-14T00:32:22.1381261Z"
"data\pgdata\base\16384\2655","file","49152","2026-08-14T00:32:22.1381261Z"
"data\pgdata\base\16384\2656","file","16384","2026-08-14T00:37:51.3606338Z"
"data\pgdata\base\16384\2657","file","16384","2026-08-14T00:32:22.1381261Z"
"data\pgdata\base\16384\2658","file","212992","2026-08-16T01:01:09.8378796Z"
"data\pgdata\base\16384\2659","file","147456","2026-08-16T01:01:09.8378796Z"
"data\pgdata\base\16384\2660","file","16384","2026-08-14T00:32:18.9899964Z"
"data\pgdata\base\16384\2661","file","16384","2026-08-14T00:32:18.9899964Z"
"data\pgdata\base\16384\2662","file","40960","2026-08-16T01:01:09.8378796Z"
"data\pgdata\base\16384\2663","file","73728","2026-08-16T01:01:09.8378796Z"
"data\pgdata\base\16384\2664","file","49152","2026-08-16T01:01:09.8378796Z"
"data\pgdata\base\16384\2665","file","40960","2026-08-16T01:01:09.8378796Z"
"data\pgdata\base\16384\2666","file","16384","2026-08-16T01:01:09.8378796Z"
"data\pgdata\base\16384\2667","file","16384","2026-08-16T01:01:09.8378796Z"
"data\pgdata\base\16384\2668","file","16384","2026-08-14T00:32:18.9965065Z"
"data\pgdata\base\16384\2669","file","16384","2026-08-14T00:32:18.9965065Z"
"data\pgdata\base\16384\2670","file","16384","2026-08-14T00:32:18.9965065Z"
"data\pgdata\base\16384\2673","file","188416","2026-08-16T01:01:09.8378796Z"
"data\pgdata\base\16384\2674","file","139264","2026-08-16T01:01:09.8378796Z"
"data\pgdata\base\16384\2675","file","212992","2026-08-14T00:32:22.1381261Z"
"data\pgdata\base\16384\2678","file","16384","2026-08-16T01:01:09.8536319Z"
"data\pgdata\base\16384\2679","file","32768","2026-08-16T01:01:09.8536319Z"
"data\pgdata\base\16384\2680","file","8192","2026-08-14T00:32:18.9965065Z"
"data\pgdata\base\16384\2681","file","16384","2026-08-14T00:32:18.9965065Z"
"data\pgdata\base\16384\2682","file","16384","2026-08-14T00:32:18.9965065Z"
"data\pgdata\base\16384\2683","file","8192","2026-08-14T00:32:18.9965065Z"
"data\pgdata\base\16384\2684","file","16384","2026-08-14T00:32:22.1381261Z"
"data\pgdata\base\16384\2685","file","16384","2026-08-14T00:32:22.1381261Z"
"data\pgdata\base\16384\2686","file","16384","2026-08-14T00:32:22.1381261Z"
"data\pgdata\base\16384\2687","file","16384","2026-08-14T00:32:22.1381261Z"
"data\pgdata\base\16384\2688","file","40960","2026-08-14T00:32:22.1489785Z"
"data\pgdata\base\16384\2689","file","49152","2026-08-14T00:32:22.1489785Z"
"data\pgdata\base\16384\2690","file","98304","2026-08-14T00:32:22.1489785Z"
"data\pgdata\base\16384\2691","file","294912","2026-08-14T00:32:22.1542440Z"
"data\pgdata\base\16384\2692","file","16384","2026-08-14T00:32:19.0065866Z"
"data\pgdata\base\16384\2693","file","16384","2026-08-14T00:32:19.0065866Z"
"data\pgdata\base\16384\2696","file","40960","2026-08-22T17:21:35.8683304Z"
"data\pgdata\base\16384\2699","file","16384","2026-08-14T00:32:22.1542440Z"
"data\pgdata\base\16384\2701","file","16384","2026-08-14T00:32:22.1562515Z"
"data\pgdata\base\16384\2702","file","16384","2026-08-14T00:32:22.1562515Z"
"data\pgdata\base\16384\2703","file","40960","2026-08-14T00:32:22.1562515Z"
"data\pgdata\base\16384\2704","file","57344","2026-08-14T00:32:22.1562515Z"
"data\pgdata\base\16384\2753","file","24576","2026-08-14T00:32:22.1562515Z"
"data\pgdata\base\16384\2753_fsm","file","24576","2026-08-14T00:32:22.1562515Z"
"data\pgdata\base\16384\2753_vm","file","8192","2026-08-14T00:32:22.1562515Z"
"data\pgdata\base\16384\2754","file","16384","2026-08-14T00:32:22.1562515Z"
"data\pgdata\base\16384\2755","file","16384","2026-08-14T00:32:22.1562515Z"
"data\pgdata\base\16384\2756","file","40960","2026-08-14T00:32:22.1562515Z"
"data\pgdata\base\16384\2757","file","40960","2026-08-14T00:32:22.1562515Z"
"data\pgdata\base\16384\2830","file","0","2026-08-14T00:32:18.6213355Z"
"data\pgdata\base\16384\2831","file","8192","2026-08-14T00:32:19.0065866Z"
"data\pgdata\base\16384\2832","file","0","2026-08-14T00:32:18.6213355Z"
"data\pgdata\base\16384\2833","file","8192","2026-08-14T00:32:19.0065866Z"
"data\pgdata\base\16384\2834","file","0","2026-08-14T00:32:18.6340203Z"
"data\pgdata\base\16384\2835","file","8192","2026-08-14T00:32:19.0065866Z"
"data\pgdata\base\16384\2836","file","8192","2026-08-14T00:32:19.0065866Z"
"data\pgdata\base\16384\2836_fsm","file","24576","2026-08-14T00:32:19.0065866Z"
"data\pgdata\base\16384\2836_vm","file","8192","2026-08-14T00:32:19.0065866Z"
"data\pgdata\base\16384\2837","file","16384","2026-08-14T00:32:19.0065866Z"
"data\pgdata\base\16384\2838","file","516096","2026-08-14T00:32:19.0065866Z"
"data\pgdata\base\16384\2838_fsm","file","24576","2026-08-14T00:32:19.0065866Z"
"data\pgdata\base\16384\2838_vm","file","8192","2026-08-14T00:32:19.0065866Z"
"data\pgdata\base\16384\2839","file","16384","2026-08-14T00:32:19.0065866Z"
"data\pgdata\base\16384\2840","file","24576","2026-08-14T00:37:56.3628565Z"
"data\pgdata\base\16384\2840_fsm","file","24576","2026-08-14T00:32:19.0065866Z"
"data\pgdata\base\16384\2840_vm","file","8192","2026-08-14T00:37:57.0228593Z"
"data\pgdata\base\16384\2841","file","16384","2026-08-14T00:37:57.1246135Z"
"data\pgdata\base\16384\2995","file","0","2026-08-14T00:32:18.7098109Z"
"data\pgdata\base\16384\2996","file","8192","2026-08-14T00:32:19.0065866Z"
"data\pgdata\base\16384\3079","file","8192","2026-08-14T00:32:22.1562515Z"
"data\pgdata\base\16384\3079_fsm","file","24576","2026-08-14T00:32:19.0065866Z"
"data\pgdata\base\16384\3079_vm","file","8192","2026-08-14T00:32:22.1562515Z"
"data\pgdata\base\16384\3080","file","16384","2026-08-14T00:32:22.1562515Z"
"data\pgdata\base\16384\3081","file","16384","2026-08-14T00:32:22.1562515Z"
"data\pgdata\base\16384\3085","file","73728","2026-08-14T00:32:19.0065866Z"
"data\pgdata\base\16384\3118","file","0","2026-08-14T00:32:18.6350202Z"
"data\pgdata\base\16384\3119","file","8192","2026-08-14T00:32:19.0065866Z"
"data\pgdata\base\16384\3164","file","147456","2026-08-14T00:32:19.0065866Z"
"data\pgdata\base\16384\3256","file","0","2026-08-14T00:32:18.7248746Z"
"data\pgdata\base\16384\3257","file","8192","2026-08-14T00:32:19.0065866Z"
"data\pgdata\base\16384\3258","file","8192","2026-08-14T00:32:19.0219483Z"
"data\pgdata\base\16384\3350","file","0","2026-08-14T00:32:18.7373141Z"
"data\pgdata\base\16384\3351","file","8192","2026-08-14T00:32:19.0219483Z"
"data\pgdata\base\16384\3379","file","8192","2026-08-14T00:32:19.0228515Z"
"data\pgdata\base\16384\3380","file","8192","2026-08-14T00:32:19.0235180Z"
"data\pgdata\base\16384\3381","file","0","2026-08-14T00:32:18.7098109Z"
"data\pgdata\base\16384\3394","file","24576","2026-08-14T00:32:19.0235180Z"
"data\pgdata\base\16384\3394_fsm","file","24576","2026-08-14T00:32:19.0235180Z"
"data\pgdata\base\16384\3394_vm","file","8192","2026-08-14T00:32:19.0235180Z"
"data\pgdata\base\16384\3395","file","16384","2026-08-14T00:32:19.0235180Z"
"data\pgdata\base\16384\3429","file","0","2026-08-14T00:32:18.6906949Z"
"data\pgdata\base\16384\3430","file","0","2026-08-14T00:32:18.6270249Z"
"data\pgdata\base\16384\3431","file","8192","2026-08-14T00:32:19.0235180Z"
"data\pgdata\base\16384\3433","file","8192","2026-08-14T00:32:19.0235180Z"
"data\pgdata\base\16384\3439","file","0","2026-08-14T00:32:18.6260217Z"
"data\pgdata\base\16384\3440","file","8192","2026-08-14T00:32:19.0235180Z"
"data\pgdata\base\16384\3455","file","32768","2026-08-16T01:01:09.8543102Z"
"data\pgdata\base\16384\3456","file","352256","2026-08-14T00:32:19.0235180Z"
"data\pgdata\base\16384\3456_fsm","file","24576","2026-08-14T00:32:19.0235180Z"
"data\pgdata\base\16384\3456_vm","file","8192","2026-08-14T00:32:19.0235180Z"
"data\pgdata\base\16384\3466","file","0","2026-08-14T00:32:18.7098109Z"
"data\pgdata\base\16384\3467","file","8192","2026-08-14T00:32:19.0235180Z"
"data\pgdata\base\16384\3468","file","8192","2026-08-14T00:32:19.0235180Z"
"data\pgdata\base\16384\3501","file","0","2026-08-14T00:32:18.7183795Z"
"data\pgdata\base\16384\3502","file","8192","2026-08-14T00:32:19.0235180Z"
"data\pgdata\base\16384\3503","file","8192","2026-08-14T00:32:19.0235180Z"
"data\pgdata\base\16384\3534","file","8192","2026-08-14T00:32:19.0235180Z"
"data\pgdata\base\16384\3541","file","8192","2026-08-14T00:32:19.0235180Z"
"data\pgdata\base\16384\3541_fsm","file","24576","2026-08-14T00:32:19.0235180Z"
"data\pgdata\base\16384\3541_vm","file","8192","2026-08-14T00:32:19.0235180Z"
"data\pgdata\base\16384\3542","file","16384","2026-08-14T00:32:19.0235180Z"
"data\pgdata\base\16384\3574","file","8192","2026-08-14T00:32:19.0235180Z"
"data\pgdata\base\16384\3575","file","8192","2026-08-14T00:32:19.0235180Z"
"data\pgdata\base\16384\3576","file","0","2026-08-14T00:32:18.7393246Z"
"data\pgdata\base\16384\3596","file","0","2026-08-14T00:32:18.7248746Z"
"data\pgdata\base\16384\3597","file","8192","2026-08-14T00:32:19.0235180Z"
"data\pgdata\base\16384\3598","file","0","2026-08-14T00:32:18.6400177Z"
"data\pgdata\base\16384\3599","file","8192","2026-08-14T00:32:19.0235180Z"
"data\pgdata\base\16384\3600","file","8192","2026-08-14T00:32:19.0235180Z"
"data\pgdata\base\16384\3600_fsm","file","24576","2026-08-14T00:32:19.0235180Z"
"data\pgdata\base\16384\3600_vm","file","8192","2026-08-14T00:32:19.0235180Z"
"data\pgdata\base\16384\3601","file","8192","2026-08-14T00:32:19.0235180Z"
"data\pgdata\base\16384\3601_fsm","file","24576","2026-08-14T00:32:19.0235180Z"
"data\pgdata\base\16384\3601_vm","file","8192","2026-08-14T00:32:19.0235180Z"
"data\pgdata\base\16384\3602","file","8192","2026-08-14T00:32:19.0235180Z"
"data\pgdata\base\16384\3602_fsm","file","24576","2026-08-14T00:32:19.0235180Z"
"data\pgdata\base\16384\3602_vm","file","8192","2026-08-14T00:32:19.0235180Z"
"data\pgdata\base\16384\3603","file","24576","2026-08-14T00:32:19.0235180Z"
"data\pgdata\base\16384\3603_fsm","file","24576","2026-08-14T00:32:19.0235180Z"
"data\pgdata\base\16384\3603_vm","file","8192","2026-08-14T00:32:19.0235180Z"
"data\pgdata\base\16384\3604","file","16384","2026-08-14T00:32:19.0235180Z"
"data\pgdata\base\16384\3605","file","16384","2026-08-14T00:32:19.0235180Z"
"data\pgdata\base\16384\3606","file","16384","2026-08-14T00:32:19.0235180Z"
"data\pgdata\base\16384\3607","file","16384","2026-08-14T00:32:19.0235180Z"
"data\pgdata\base\16384\3608","file","16384","2026-08-14T00:32:19.0235180Z"
"data\pgdata\base\16384\3609","file","32768","2026-08-14T00:32:19.0235180Z"
"data\pgdata\base\16384\3712","file","16384","2026-08-14T00:32:19.0235180Z"
"data\pgdata\base\16384\3764","file","8192","2026-08-14T00:32:19.0235180Z"
"data\pgdata\base\16384\3764_fsm","file","24576","2026-08-14T00:32:19.0235180Z"
"data\pgdata\base\16384\3764_vm","file","8192","2026-08-14T00:32:19.0235180Z"
"data\pgdata\base\16384\3766","file","16384","2026-08-14T00:32:19.0235180Z"
"data\pgdata\base\16384\3767","file","16384","2026-08-14T00:32:19.0235180Z"
"data\pgdata\base\16384\3997","file","8192","2026-08-14T00:32:19.0389303Z"
"data\pgdata\base\16384\4143","file","0","2026-08-14T00:32:18.6400177Z"
"data\pgdata\base\16384\4144","file","8192","2026-08-14T00:32:19.0401263Z"
"data\pgdata\base\16384\4145","file","0","2026-08-14T00:32:18.6330204Z"
"data\pgdata\base\16384\4146","file","8192","2026-08-14T00:32:19.0401263Z"
"data\pgdata\base\16384\4147","file","0","2026-08-14T00:32:18.6360190Z"
"data\pgdata\base\16384\4148","file","8192","2026-08-14T00:32:19.0401263Z"
"data\pgdata\base\16384\4149","file","0","2026-08-14T00:32:18.6370180Z"
"data\pgdata\base\16384\4150","file","8192","2026-08-14T00:32:19.0401263Z"
"data\pgdata\base\16384\4151","file","0","2026-08-14T00:32:18.6380178Z"
"data\pgdata\base\16384\4152","file","8192","2026-08-14T00:32:19.0401263Z"
"data\pgdata\base\16384\4153","file","0","2026-08-14T00:32:18.6390182Z"
"data\pgdata\base\16384\4154","file","8192","2026-08-14T00:32:19.0401263Z"
"data\pgdata\base\16384\4155","file","0","2026-08-14T00:32:18.6400177Z"
"data\pgdata\base\16384\4156","file","8192","2026-08-14T00:32:19.0401263Z"
"data\pgdata\base\16384\4157","file","0","2026-08-14T00:32:18.6227001Z"
"data\pgdata\base\16384\4158","file","8192","2026-08-14T00:32:19.0401263Z"
"data\pgdata\base\16384\4159","file","0","2026-08-14T00:32:18.6230136Z"
"data\pgdata\base\16384\4160","file","8192","2026-08-14T00:32:19.0401263Z"
"data\pgdata\base\16384\4163","file","0","2026-08-14T00:32:18.6350202Z"
"data\pgdata\base\16384\4164","file","8192","2026-08-14T00:32:19.0401263Z"
"data\pgdata\base\16384\4165","file","0","2026-08-14T00:32:18.6400177Z"
"data\pgdata\base\16384\4166","file","8192","2026-08-14T00:32:19.0401263Z"
"data\pgdata\base\16384\4167","file","0","2026-08-14T00:32:18.6400177Z"
"data\pgdata\base\16384\4168","file","8192","2026-08-14T00:32:19.0401263Z"
"data\pgdata\base\16384\4169","file","0","2026-08-14T00:32:18.6360190Z"
"data\pgdata\base\16384\4170","file","8192","2026-08-14T00:32:19.0401263Z"
"data\pgdata\base\16384\4171","file","0","2026-08-14T00:32:18.6203354Z"
"data\pgdata\base\16384\4172","file","8192","2026-08-14T00:32:19.0401263Z"
"data\pgdata\base\16384\4173","file","0","2026-08-14T00:32:18.6380178Z"
"data\pgdata\base\16384\4174","file","8192","2026-08-14T00:32:19.0401263Z"
"data\pgdata\base\16384\5002","file","16384","2026-08-14T00:32:22.1562515Z"
"data\pgdata\base\16384\548","file","8192","2026-08-14T00:32:18.9694213Z"
"data\pgdata\base\16384\549","file","8192","2026-08-14T00:32:18.9694213Z"
"data\pgdata\base\16384\6102","file","0","2026-08-14T00:32:18.7408319Z"
"data\pgdata\base\16384\6104","file","0","2026-08-14T00:32:18.7393246Z"
"data\pgdata\base\16384\6106","file","0","2026-08-14T00:32:18.7408319Z"
"data\pgdata\base\16384\6110","file","8192","2026-08-14T00:32:19.0401263Z"
"data\pgdata\base\16384\6111","file","8192","2026-08-14T00:32:19.0401263Z"
"data\pgdata\base\16384\6112","file","8192","2026-08-14T00:32:19.0401263Z"
"data\pgdata\base\16384\6113","file","8192","2026-08-14T00:32:19.0401263Z"
"data\pgdata\base\16384\6116","file","8192","2026-08-14T00:32:19.0401263Z"
"data\pgdata\base\16384\6117","file","8192","2026-08-14T00:32:19.0401263Z"
"data\pgdata\base\16384\6175","file","0","2026-08-14T00:32:18.6400177Z"
"data\pgdata\base\16384\6176","file","8192","2026-08-14T00:32:19.0401263Z"
"data\pgdata\base\16384\6228","file","0","2026-08-14T00:32:18.6440310Z"
"data\pgdata\base\16384\6229","file","8192","2026-08-14T00:32:19.0401263Z"
"data\pgdata\base\16384\6237","file","0","2026-08-14T00:32:18.7408319Z"
"data\pgdata\base\16384\6238","file","8192","2026-08-14T00:32:19.0401263Z"
"data\pgdata\base\16384\6239","file","8192","2026-08-14T00:32:19.0401263Z"
"data\pgdata\base\16384\826","file","0","2026-08-14T00:32:18.7248746Z"
"data\pgdata\base\16384\827","file","8192","2026-08-14T00:32:18.9694213Z"
"data\pgdata\base\16384\828","file","8192","2026-08-14T00:32:18.9694213Z"
"data\pgdata\base\16384\pg_filenode.map","file","524","2026-08-14T00:32:18.6029302Z"
"data\pgdata\base\16384\pg_internal.init","file","160932","2026-08-16T01:01:16.0875942Z"
"data\pgdata\base\16384\PG_VERSION","file","3","2026-08-14T00:32:18.5870599Z"
"data\pgdata\base\4\112","file","8192","2026-08-14T00:32:12.4657726Z"
"data\pgdata\base\4\113","file","8192","2026-08-14T00:32:12.4667729Z"
"data\pgdata\base\4\1247","file","122880","2026-08-14T00:32:12.4677725Z"
"data\pgdata\base\4\1247_fsm","file","24576","2026-08-14T00:32:12.4677725Z"
"data\pgdata\base\4\1247_vm","file","8192","2026-08-14T00:32:12.4677725Z"
"data\pgdata\base\4\1249","file","450560","2026-08-14T00:32:12.4697726Z"
"data\pgdata\base\4\1249_fsm","file","24576","2026-08-14T00:32:12.4697726Z"
"data\pgdata\base\4\1249_vm","file","8192","2026-08-14T00:32:12.4707722Z"
"data\pgdata\base\4\1255","file","811008","2026-08-14T00:32:12.4790463Z"
"data\pgdata\base\4\1255_fsm","file","24576","2026-08-14T00:32:12.4800451Z"
"data\pgdata\base\4\1255_vm","file","8192","2026-08-14T00:32:12.4810479Z"
"data\pgdata\base\4\1259","file","114688","2026-08-14T00:32:12.4830456Z"
"data\pgdata\base\4\1259_fsm","file","24576","2026-08-14T00:32:12.4830456Z"
"data\pgdata\base\4\1259_vm","file","8192","2026-08-14T00:32:12.4840461Z"
"data\pgdata\base\4\1417","file","0","2026-08-14T00:32:12.4840461Z"
"data\pgdata\base\4\1418","file","0","2026-08-14T00:32:12.4850474Z"
"data\pgdata\base\4\14934","file","65536","2026-08-14T00:32:12.4956196Z"
"data\pgdata\base\4\14934_fsm","file","24576","2026-08-14T00:32:12.4966206Z"
"data\pgdata\base\4\14934_vm","file","8192","2026-08-14T00:32:12.4966206Z"
"data\pgdata\base\4\14937","file","0","2026-08-14T00:32:12.4966206Z"
"data\pgdata\base\4\14938","file","8192","2026-08-14T00:32:12.5046254Z"
"data\pgdata\base\4\14939","file","8192","2026-08-14T00:32:12.5046254Z"
"data\pgdata\base\4\14939_fsm","file","24576","2026-08-14T00:32:12.5056195Z"
"data\pgdata\base\4\14939_vm","file","8192","2026-08-14T00:32:12.5062222Z"
"data\pgdata\base\4\14942","file","0","2026-08-14T00:32:12.5062222Z"
"data\pgdata\base\4\14943","file","8192","2026-08-14T00:32:12.5092364Z"
"data\pgdata\base\4\14944","file","8192","2026-08-14T00:32:12.5102285Z"
"data\pgdata\base\4\14944_fsm","file","24576","2026-08-14T00:32:12.5102285Z"
"data\pgdata\base\4\14944_vm","file","8192","2026-08-14T00:32:12.5112313Z"
"data\pgdata\base\4\14947","file","0","2026-08-14T00:32:12.5112313Z"
"data\pgdata\base\4\14948","file","8192","2026-08-14T00:32:12.5182277Z"
"data\pgdata\base\4\14949","file","8192","2026-08-14T00:32:12.5192271Z"
"data\pgdata\base\4\14949_fsm","file","24576","2026-08-14T00:32:12.5192271Z"
"data\pgdata\base\4\14949_vm","file","8192","2026-08-14T00:32:12.5202290Z"
"data\pgdata\base\4\14952","file","0","2026-08-14T00:32:12.5202290Z"
"data\pgdata\base\4\14953","file","8192","2026-08-14T00:32:12.5247769Z"
"data\pgdata\base\4\174","file","8192","2026-08-14T00:32:12.5257768Z"
"data\pgdata\base\4\175","file","8192","2026-08-14T00:32:12.5267763Z"
"data\pgdata\base\4\2187","file","8192","2026-08-14T00:32:12.5287770Z"
"data\pgdata\base\4\2224","file","0","2026-08-14T00:32:12.5287770Z"
"data\pgdata\base\4\2228","file","16384","2026-08-14T00:32:12.5287770Z"
"data\pgdata\base\4\2328","file","0","2026-08-14T00:32:12.5287770Z"
"data\pgdata\base\4\2336","file","0","2026-08-14T00:32:12.5287770Z"
"data\pgdata\base\4\2337","file","8192","2026-08-14T00:32:12.5287770Z"
"data\pgdata\base\4\2579","file","16384","2026-08-14T00:32:12.5287770Z"
"data\pgdata\base\4\2600","file","16384","2026-08-14T00:32:12.5287770Z"
"data\pgdata\base\4\2600_fsm","file","24576","2026-08-14T00:32:12.5325695Z"
"data\pgdata\base\4\2600_vm","file","8192","2026-08-14T00:32:12.5325695Z"
"data\pgdata\base\4\2601","file","8192","2026-08-14T00:32:12.5325695Z"
"data\pgdata\base\4\2601_fsm","file","24576","2026-08-14T00:32:12.5345774Z"
"data\pgdata\base\4\2601_vm","file","8192","2026-08-14T00:32:12.5345774Z"
"data\pgdata\base\4\2602","file","57344","2026-08-14T00:32:12.5453937Z"
"data\pgdata\base\4\2602_fsm","file","24576","2026-08-14T00:32:12.5453937Z"
"data\pgdata\base\4\2602_vm","file","8192","2026-08-14T00:32:12.5453937Z"
"data\pgdata\base\4\2603","file","40960","2026-08-14T00:32:12.5453937Z"
"data\pgdata\base\4\2603_fsm","file","24576","2026-08-14T00:32:12.5453937Z"
"data\pgdata\base\4\2603_vm","file","8192","2026-08-14T00:32:12.5453937Z"
"data\pgdata\base\4\2604","file","0","2026-08-14T00:32:12.5453937Z"
"data\pgdata\base\4\2605","file","16384","2026-08-14T00:32:12.5585813Z"
"data\pgdata\base\4\2605_fsm","file","24576","2026-08-14T00:32:12.5595810Z"
"data\pgdata\base\4\2605_vm","file","8192","2026-08-14T00:32:12.5595810Z"
"data\pgdata\base\4\2606","file","24576","2026-08-14T00:32:12.5615814Z"
"data\pgdata\base\4\2606_fsm","file","24576","2026-08-14T00:32:12.5625836Z"
"data\pgdata\base\4\2606_vm","file","8192","2026-08-14T00:32:12.5625836Z"
"data\pgdata\base\4\2607","file","16384","2026-08-14T00:32:12.5715816Z"
"data\pgdata\base\4\2607_fsm","file","24576","2026-08-14T00:32:12.5715816Z"
"data\pgdata\base\4\2607_vm","file","8192","2026-08-14T00:32:12.5715816Z"
"data\pgdata\base\4\2608","file","106496","2026-08-14T00:32:12.5730400Z"
"data\pgdata\base\4\2608_fsm","file","24576","2026-08-14T00:32:12.5740637Z"
"data\pgdata\base\4\2608_vm","file","8192","2026-08-14T00:32:12.5740637Z"
"data\pgdata\base\4\2609","file","368640","2026-08-14T00:32:12.5830675Z"
"data\pgdata\base\4\2609_fsm","file","24576","2026-08-14T00:32:12.5830675Z"
"data\pgdata\base\4\2609_vm","file","8192","2026-08-14T00:32:12.5840636Z"
"data\pgdata\base\4\2610","file","32768","2026-08-14T00:32:12.5850630Z"
"data\pgdata\base\4\2610_fsm","file","24576","2026-08-14T00:32:12.5860617Z"
"data\pgdata\base\4\2610_vm","file","8192","2026-08-14T00:32:12.5860617Z"
"data\pgdata\base\4\2611","file","0","2026-08-14T00:32:12.5870653Z"
"data\pgdata\base\4\2612","file","8192","2026-08-14T00:32:12.5936529Z"
"data\pgdata\base\4\2612_fsm","file","24576","2026-08-14T00:32:12.5936529Z"
"data\pgdata\base\4\2612_vm","file","8192","2026-08-14T00:32:12.5936529Z"
"data\pgdata\base\4\2613","file","0","2026-08-14T00:32:12.5936529Z"
"data\pgdata\base\4\2615","file","8192","2026-08-14T00:32:12.5936529Z"
"data\pgdata\base\4\2615_fsm","file","24576","2026-08-14T00:32:12.5936529Z"
"data\pgdata\base\4\2615_vm","file","8192","2026-08-14T00:32:12.5936529Z"
"data\pgdata\base\4\2616","file","24576","2026-08-14T00:32:12.6068705Z"
"data\pgdata\base\4\2616_fsm","file","24576","2026-08-14T00:32:12.6068705Z"
"data\pgdata\base\4\2616_vm","file","8192","2026-08-14T00:32:12.6068705Z"
"data\pgdata\base\4\2617","file","114688","2026-08-14T00:32:12.6088837Z"
"data\pgdata\base\4\2617_fsm","file","24576","2026-08-14T00:32:12.6088837Z"
"data\pgdata\base\4\2617_vm","file","8192","2026-08-14T00:32:12.6088837Z"
"data\pgdata\base\4\2618","file","114688","2026-08-14T00:32:12.6171275Z"
"data\pgdata\base\4\2618_fsm","file","24576","2026-08-14T00:32:12.6171275Z"
"data\pgdata\base\4\2618_vm","file","8192","2026-08-14T00:32:12.6171275Z"
"data\pgdata\base\4\2619","file","163840","2026-08-14T00:32:12.6205017Z"
"data\pgdata\base\4\2619_fsm","file","24576","2026-08-14T00:32:12.6225167Z"
"data\pgdata\base\4\2619_vm","file","8192","2026-08-14T00:32:12.6225167Z"
"data\pgdata\base\4\2620","file","0","2026-08-14T00:32:12.6225167Z"
"data\pgdata\base\4\2650","file","16384","2026-08-14T00:32:12.6315103Z"
"data\pgdata\base\4\2651","file","16384","2026-08-14T00:32:12.6315103Z"
"data\pgdata\base\4\2652","file","16384","2026-08-14T00:32:12.6315103Z"
"data\pgdata\base\4\2653","file","49152","2026-08-14T00:32:12.6315103Z"
"data\pgdata\base\4\2654","file","49152","2026-08-14T00:32:12.6315103Z"
"data\pgdata\base\4\2655","file","40960","2026-08-14T00:32:12.6315103Z"
"data\pgdata\base\4\2656","file","8192","2026-08-14T00:32:12.6315103Z"
"data\pgdata\base\4\2657","file","8192","2026-08-14T00:32:12.6315103Z"
"data\pgdata\base\4\2658","file","122880","2026-08-14T00:32:12.6315103Z"
"data\pgdata\base\4\2659","file","90112","2026-08-14T00:32:12.6315103Z"
"data\pgdata\base\4\2660","file","16384","2026-08-14T00:32:12.6315103Z"
"data\pgdata\base\4\2661","file","16384","2026-08-14T00:32:12.6315103Z"
"data\pgdata\base\4\2662","file","32768","2026-08-14T00:32:12.6315103Z"
"data\pgdata\base\4\2663","file","40960","2026-08-14T00:32:12.6422443Z"
"data\pgdata\base\4\2664","file","16384","2026-08-14T00:32:12.6422443Z"
"data\pgdata\base\4\2665","file","16384","2026-08-14T00:32:12.6422443Z"
"data\pgdata\base\4\2666","file","16384","2026-08-14T00:32:12.6422443Z"
"data\pgdata\base\4\2667","file","16384","2026-08-14T00:32:12.6422443Z"
"data\pgdata\base\4\2668","file","16384","2026-08-14T00:32:12.6422443Z"
"data\pgdata\base\4\2669","file","16384","2026-08-14T00:32:12.6422443Z"
"data\pgdata\base\4\2670","file","16384","2026-08-14T00:32:12.6422443Z"
"data\pgdata\base\4\2673","file","81920","2026-08-14T00:32:12.6422443Z"
"data\pgdata\base\4\2674","file","65536","2026-08-14T00:32:12.6422443Z"
"data\pgdata\base\4\2675","file","212992","2026-08-14T00:32:12.6422443Z"
"data\pgdata\base\4\2678","file","16384","2026-08-14T00:32:12.6422443Z"
"data\pgdata\base\4\2679","file","16384","2026-08-14T00:32:12.6422443Z"
"data\pgdata\base\4\2680","file","8192","2026-08-14T00:32:12.6422443Z"
"data\pgdata\base\4\2681","file","16384","2026-08-14T00:32:12.6422443Z"
"data\pgdata\base\4\2682","file","16384","2026-08-14T00:32:12.6422443Z"
"data\pgdata\base\4\2683","file","8192","2026-08-14T00:32:12.6422443Z"
"data\pgdata\base\4\2684","file","16384","2026-08-14T00:32:12.6422443Z"
"data\pgdata\base\4\2685","file","16384","2026-08-14T00:32:12.6422443Z"
"data\pgdata\base\4\2686","file","16384","2026-08-14T00:32:12.6422443Z"
"data\pgdata\base\4\2687","file","16384","2026-08-14T00:32:12.6579716Z"
"data\pgdata\base\4\2688","file","40960","2026-08-14T00:32:12.6579716Z"
"data\pgdata\base\4\2689","file","49152","2026-08-14T00:32:12.6579716Z"
"data\pgdata\base\4\2690","file","98304","2026-08-14T00:32:12.6579716Z"
"data\pgdata\base\4\2691","file","262144","2026-08-14T00:32:12.6579716Z"
"data\pgdata\base\4\2692","file","16384","2026-08-14T00:32:12.6579716Z"
"data\pgdata\base\4\2693","file","16384","2026-08-14T00:32:12.6579716Z"
"data\pgdata\base\4\2696","file","32768","2026-08-14T00:32:12.6579716Z"
"data\pgdata\base\4\2699","file","8192","2026-08-14T00:32:12.6634560Z"
"data\pgdata\base\4\2701","file","8192","2026-08-14T00:32:12.6634560Z"
"data\pgdata\base\4\2702","file","8192","2026-08-14T00:32:12.6634560Z"
"data\pgdata\base\4\2703","file","32768","2026-08-14T00:32:12.6654612Z"
"data\pgdata\base\4\2704","file","40960","2026-08-14T00:32:12.6654612Z"
"data\pgdata\base\4\2753","file","16384","2026-08-14T00:32:12.6654612Z"
"data\pgdata\base\4\2753_fsm","file","24576","2026-08-14T00:32:12.6654612Z"
"data\pgdata\base\4\2753_vm","file","8192","2026-08-14T00:32:12.6654612Z"
"data\pgdata\base\4\2754","file","16384","2026-08-14T00:32:12.6654612Z"
"data\pgdata\base\4\2755","file","16384","2026-08-14T00:32:12.6654612Z"
"data\pgdata\base\4\2756","file","40960","2026-08-14T00:32:12.6654612Z"
"data\pgdata\base\4\2757","file","32768","2026-08-14T00:32:12.6739663Z"
"data\pgdata\base\4\2830","file","0","2026-08-14T00:32:12.6739663Z"
"data\pgdata\base\4\2831","file","8192","2026-08-14T00:32:12.6739663Z"
"data\pgdata\base\4\2832","file","0","2026-08-14T00:32:12.6739663Z"
"data\pgdata\base\4\2833","file","8192","2026-08-14T00:32:12.6739663Z"
"data\pgdata\base\4\2834","file","0","2026-08-14T00:32:12.6739663Z"
"data\pgdata\base\4\2835","file","8192","2026-08-14T00:32:12.6739663Z"
"data\pgdata\base\4\2836","file","8192","2026-08-14T00:32:12.6739663Z"
"data\pgdata\base\4\2836_fsm","file","24576","2026-08-14T00:32:12.6739663Z"
"data\pgdata\base\4\2836_vm","file","8192","2026-08-14T00:32:12.6739663Z"
"data\pgdata\base\4\2837","file","16384","2026-08-14T00:32:12.6739663Z"
"data\pgdata\base\4\2838","file","516096","2026-08-14T00:32:12.7114066Z"
"data\pgdata\base\4\2838_fsm","file","24576","2026-08-14T00:32:12.7114066Z"
"data\pgdata\base\4\2838_vm","file","8192","2026-08-14T00:32:12.7114066Z"
"data\pgdata\base\4\2839","file","16384","2026-08-14T00:32:12.7424735Z"
"data\pgdata\base\4\2840","file","24576","2026-08-14T00:32:12.7454852Z"
"data\pgdata\base\4\2840_fsm","file","24576","2026-08-14T00:32:12.7464755Z"
"data\pgdata\base\4\2840_vm","file","8192","2026-08-14T00:32:12.7464755Z"
"data\pgdata\base\4\2841","file","16384","2026-08-14T00:32:12.7474751Z"
"data\pgdata\base\4\2995","file","0","2026-08-14T00:32:12.7484744Z"
"data\pgdata\base\4\2996","file","8192","2026-08-14T00:32:12.7484744Z"
"data\pgdata\base\4\3079","file","8192","2026-08-14T00:32:12.7494736Z"
"data\pgdata\base\4\3079_fsm","file","24576","2026-08-14T00:32:12.7494736Z"
"data\pgdata\base\4\3079_vm","file","8192","2026-08-14T00:32:12.7504742Z"
"data\pgdata\base\4\3080","file","16384","2026-08-14T00:32:12.7541201Z"
"data\pgdata\base\4\3081","file","16384","2026-08-14T00:32:12.7583457Z"
"data\pgdata\base\4\3085","file","73728","2026-08-14T00:32:12.7583457Z"
"data\pgdata\base\4\3118","file","0","2026-08-14T00:32:12.7583457Z"
"data\pgdata\base\4\3119","file","8192","2026-08-14T00:32:12.7583457Z"
"data\pgdata\base\4\3164","file","147456","2026-08-14T00:32:12.7583457Z"
"data\pgdata\base\4\3256","file","0","2026-08-14T00:32:12.7583457Z"
"data\pgdata\base\4\3257","file","8192","2026-08-14T00:32:12.7583457Z"
"data\pgdata\base\4\3258","file","8192","2026-08-14T00:32:12.7583457Z"
"data\pgdata\base\4\3350","file","0","2026-08-14T00:32:12.7583457Z"
"data\pgdata\base\4\3351","file","8192","2026-08-14T00:32:12.7583457Z"
"data\pgdata\base\4\3379","file","8192","2026-08-14T00:32:12.7583457Z"
"data\pgdata\base\4\3380","file","8192","2026-08-14T00:32:12.7583457Z"
"data\pgdata\base\4\3381","file","0","2026-08-14T00:32:12.7583457Z"
"data\pgdata\base\4\3394","file","24576","2026-08-14T00:32:12.7583457Z"
"data\pgdata\base\4\3394_fsm","file","24576","2026-08-14T00:32:12.7583457Z"
"data\pgdata\base\4\3394_vm","file","8192","2026-08-14T00:32:12.7583457Z"
"data\pgdata\base\4\3395","file","16384","2026-08-14T00:32:12.7691207Z"
"data\pgdata\base\4\3429","file","0","2026-08-14T00:32:12.7691207Z"
"data\pgdata\base\4\3430","file","0","2026-08-14T00:32:12.7691207Z"
"data\pgdata\base\4\3431","file","8192","2026-08-14T00:32:12.7691207Z"
"data\pgdata\base\4\3433","file","8192","2026-08-14T00:32:12.7691207Z"
"data\pgdata\base\4\3439","file","0","2026-08-14T00:32:12.7691207Z"
"data\pgdata\base\4\3440","file","8192","2026-08-14T00:32:12.7691207Z"
"data\pgdata\base\4\3455","file","16384","2026-08-14T00:32:12.7691207Z"
"data\pgdata\base\4\3456","file","352256","2026-08-14T00:32:12.7691207Z"
"data\pgdata\base\4\3456_fsm","file","24576","2026-08-14T00:32:12.7691207Z"
"data\pgdata\base\4\3456_vm","file","8192","2026-08-14T00:32:12.7691207Z"
"data\pgdata\base\4\3466","file","0","2026-08-14T00:32:12.7691207Z"
"data\pgdata\base\4\3467","file","8192","2026-08-14T00:32:12.7691207Z"
"data\pgdata\base\4\3468","file","8192","2026-08-14T00:32:12.7691207Z"
"data\pgdata\base\4\3501","file","0","2026-08-14T00:32:12.7691207Z"
"data\pgdata\base\4\3502","file","8192","2026-08-14T00:32:12.7691207Z"
"data\pgdata\base\4\3503","file","8192","2026-08-14T00:32:12.7691207Z"
"data\pgdata\base\4\3534","file","8192","2026-08-14T00:32:12.7691207Z"
"data\pgdata\base\4\3541","file","8192","2026-08-14T00:32:12.7691207Z"
"data\pgdata\base\4\3541_fsm","file","24576","2026-08-14T00:32:12.7691207Z"
"data\pgdata\base\4\3541_vm","file","8192","2026-08-14T00:32:12.7691207Z"
"data\pgdata\base\4\3542","file","16384","2026-08-14T00:32:12.7851547Z"
"data\pgdata\base\4\3574","file","8192","2026-08-14T00:32:12.7851547Z"
"data\pgdata\base\4\3575","file","8192","2026-08-14T00:32:12.7851547Z"
"data\pgdata\base\4\3576","file","0","2026-08-14T00:32:12.7851547Z"
"data\pgdata\base\4\3596","file","0","2026-08-14T00:32:12.7851547Z"
"data\pgdata\base\4\3597","file","8192","2026-08-14T00:32:12.7851547Z"
"data\pgdata\base\4\3598","file","0","2026-08-14T00:32:12.7851547Z"
"data\pgdata\base\4\3599","file","8192","2026-08-14T00:32:12.7886921Z"
"data\pgdata\base\4\3600","file","8192","2026-08-14T00:32:12.7886921Z"
"data\pgdata\base\4\3600_fsm","file","24576","2026-08-14T00:32:12.7886921Z"
"data\pgdata\base\4\3600_vm","file","8192","2026-08-14T00:32:12.7907028Z"
"data\pgdata\base\4\3601","file","8192","2026-08-14T00:32:12.7947229Z"
"data\pgdata\base\4\3601_fsm","file","24576","2026-08-14T00:32:12.7947229Z"
"data\pgdata\base\4\3601_vm","file","8192","2026-08-14T00:32:12.7947229Z"
"data\pgdata\base\4\3602","file","8192","2026-08-14T00:32:12.7967311Z"
"data\pgdata\base\4\3602_fsm","file","24576","2026-08-14T00:32:12.7967311Z"
"data\pgdata\base\4\3602_vm","file","8192","2026-08-14T00:32:12.7967311Z"
"data\pgdata\base\4\3603","file","24576","2026-08-14T00:32:12.8051195Z"
"data\pgdata\base\4\3603_fsm","file","24576","2026-08-14T00:32:12.8051195Z"
"data\pgdata\base\4\3603_vm","file","8192","2026-08-14T00:32:12.8051195Z"
"data\pgdata\base\4\3604","file","16384","2026-08-14T00:32:12.8091376Z"
"data\pgdata\base\4\3605","file","16384","2026-08-14T00:32:12.8091376Z"
"data\pgdata\base\4\3606","file","16384","2026-08-14T00:32:12.8091376Z"
"data\pgdata\base\4\3607","file","16384","2026-08-14T00:32:12.8091376Z"
"data\pgdata\base\4\3608","file","16384","2026-08-14T00:32:12.8091376Z"
"data\pgdata\base\4\3609","file","32768","2026-08-14T00:32:12.8091376Z"
"data\pgdata\base\4\3712","file","16384","2026-08-14T00:32:12.8168551Z"
"data\pgdata\base\4\3764","file","8192","2026-08-14T00:32:12.8168551Z"
"data\pgdata\base\4\3764_fsm","file","24576","2026-08-14T00:32:12.8168551Z"
"data\pgdata\base\4\3764_vm","file","8192","2026-08-14T00:32:12.8168551Z"
"data\pgdata\base\4\3766","file","16384","2026-08-14T00:32:12.8168551Z"
"data\pgdata\base\4\3767","file","16384","2026-08-14T00:32:12.8168551Z"
"data\pgdata\base\4\3997","file","8192","2026-08-14T00:32:12.8168551Z"
"data\pgdata\base\4\4143","file","0","2026-08-14T00:32:12.8168551Z"
"data\pgdata\base\4\4144","file","8192","2026-08-14T00:32:12.8168551Z"
"data\pgdata\base\4\4145","file","0","2026-08-14T00:32:12.8168551Z"
"data\pgdata\base\4\4146","file","8192","2026-08-14T00:32:12.8250427Z"
"data\pgdata\base\4\4147","file","0","2026-08-14T00:32:12.8250427Z"
"data\pgdata\base\4\4148","file","8192","2026-08-14T00:32:12.8250427Z"
"data\pgdata\base\4\4149","file","0","2026-08-14T00:32:12.8250427Z"
"data\pgdata\base\4\4150","file","8192","2026-08-14T00:32:12.8270524Z"
"data\pgdata\base\4\4151","file","0","2026-08-14T00:32:12.8270524Z"
"data\pgdata\base\4\4152","file","8192","2026-08-14T00:32:12.8270524Z"
"data\pgdata\base\4\4153","file","0","2026-08-14T00:32:12.8270524Z"
"data\pgdata\base\4\4154","file","8192","2026-08-14T00:32:12.8270524Z"
"data\pgdata\base\4\4155","file","0","2026-08-14T00:32:12.8270524Z"
"data\pgdata\base\4\4156","file","8192","2026-08-14T00:32:12.8270524Z"
"data\pgdata\base\4\4157","file","0","2026-08-14T00:32:12.8270524Z"
"data\pgdata\base\4\4158","file","8192","2026-08-14T00:32:12.8270524Z"
"data\pgdata\base\4\4159","file","0","2026-08-14T00:32:12.8270524Z"
"data\pgdata\base\4\4160","file","8192","2026-08-14T00:32:12.8270524Z"
"data\pgdata\base\4\4163","file","0","2026-08-14T00:32:12.8270524Z"
"data\pgdata\base\4\4164","file","8192","2026-08-14T00:32:12.8270524Z"
"data\pgdata\base\4\4165","file","0","2026-08-14T00:32:12.8325790Z"
"data\pgdata\base\4\4166","file","8192","2026-08-14T00:32:12.8325790Z"
"data\pgdata\base\4\4167","file","0","2026-08-14T00:32:12.8325790Z"
"data\pgdata\base\4\4168","file","8192","2026-08-14T00:32:12.8325790Z"
"data\pgdata\base\4\4169","file","0","2026-08-14T00:32:12.8325790Z"
"data\pgdata\base\4\4170","file","8192","2026-08-14T00:32:12.8325790Z"
"data\pgdata\base\4\4171","file","0","2026-08-14T00:32:12.8325790Z"
"data\pgdata\base\4\4172","file","8192","2026-08-14T00:32:12.8325790Z"
"data\pgdata\base\4\4173","file","0","2026-08-14T00:32:12.8325790Z"
"data\pgdata\base\4\4174","file","8192","2026-08-14T00:32:12.8372984Z"
"data\pgdata\base\4\5002","file","8192","2026-08-14T00:32:12.8372984Z"
"data\pgdata\base\4\548","file","8192","2026-08-14T00:32:12.8372984Z"
"data\pgdata\base\4\549","file","8192","2026-08-14T00:32:12.8372984Z"
"data\pgdata\base\4\6102","file","0","2026-08-14T00:32:12.8393056Z"
"data\pgdata\base\4\6104","file","0","2026-08-14T00:32:12.8393056Z"
"data\pgdata\base\4\6106","file","0","2026-08-14T00:32:12.8393056Z"
"data\pgdata\base\4\6110","file","8192","2026-08-14T00:32:12.8393056Z"
"data\pgdata\base\4\6111","file","8192","2026-08-14T00:32:12.8393056Z"
"data\pgdata\base\4\6112","file","8192","2026-08-14T00:32:12.8393056Z"
"data\pgdata\base\4\6113","file","8192","2026-08-14T00:32:12.8393056Z"
"data\pgdata\base\4\6116","file","8192","2026-08-14T00:32:12.8426973Z"
"data\pgdata\base\4\6117","file","8192","2026-08-14T00:32:12.8426973Z"
"data\pgdata\base\4\6175","file","0","2026-08-14T00:32:12.8426973Z"
"data\pgdata\base\4\6176","file","8192","2026-08-14T00:32:12.8426973Z"
"data\pgdata\base\4\6228","file","0","2026-08-14T00:32:12.8426973Z"
"data\pgdata\base\4\6229","file","8192","2026-08-14T00:32:12.8426973Z"
"data\pgdata\base\4\6237","file","0","2026-08-14T00:32:12.8426973Z"
"data\pgdata\base\4\6238","file","8192","2026-08-14T00:32:12.8426973Z"
"data\pgdata\base\4\6239","file","8192","2026-08-14T00:32:12.8426973Z"
"data\pgdata\base\4\826","file","0","2026-08-14T00:32:12.8426973Z"
"data\pgdata\base\4\827","file","8192","2026-08-14T00:32:12.8482922Z"
"data\pgdata\base\4\828","file","8192","2026-08-14T00:32:12.8482922Z"
"data\pgdata\base\4\pg_filenode.map","file","524","2026-08-14T00:32:12.8482922Z"
"data\pgdata\base\4\PG_VERSION","file","3","2026-08-14T00:32:12.8482922Z"
"data\pgdata\base\5\112","file","8192","2026-08-14T00:32:12.8642055Z"
"data\pgdata\base\5\113","file","8192","2026-08-14T00:32:12.8642055Z"
"data\pgdata\base\5\1247","file","122880","2026-08-14T00:32:12.8642055Z"
"data\pgdata\base\5\1247_fsm","file","24576","2026-08-14T00:32:12.8642055Z"
"data\pgdata\base\5\1247_vm","file","8192","2026-08-14T00:32:12.8642055Z"
"data\pgdata\base\5\1249","file","450560","2026-08-14T00:32:12.8642055Z"
"data\pgdata\base\5\1249_fsm","file","24576","2026-08-14T00:32:12.8642055Z"
"data\pgdata\base\5\1249_vm","file","8192","2026-08-14T00:32:12.8642055Z"
"data\pgdata\base\5\1255","file","811008","2026-08-14T00:32:12.8642055Z"
"data\pgdata\base\5\1255_fsm","file","24576","2026-08-14T00:32:12.8642055Z"
"data\pgdata\base\5\1255_vm","file","8192","2026-08-14T00:32:12.8803390Z"
"data\pgdata\base\5\1259","file","114688","2026-08-14T00:32:12.8859702Z"
"data\pgdata\base\5\1259_fsm","file","24576","2026-08-14T00:32:12.8859702Z"
"data\pgdata\base\5\1259_vm","file","8192","2026-08-14T00:32:12.8859702Z"
"data\pgdata\base\5\1417","file","0","2026-08-14T00:32:12.8859702Z"
"data\pgdata\base\5\1418","file","0","2026-08-14T00:32:12.8859702Z"
"data\pgdata\base\5\14934","file","65536","2026-08-14T00:32:12.8859702Z"
"data\pgdata\base\5\14934_fsm","file","24576","2026-08-14T00:32:12.8916972Z"
"data\pgdata\base\5\14934_vm","file","8192","2026-08-14T00:32:12.8916972Z"
"data\pgdata\base\5\14937","file","0","2026-08-14T00:32:12.8916972Z"
"data\pgdata\base\5\14938","file","8192","2026-08-14T00:32:12.9024689Z"
"data\pgdata\base\5\14939","file","8192","2026-08-14T00:32:12.9024689Z"
"data\pgdata\base\5\14939_fsm","file","24576","2026-08-14T00:32:12.9024689Z"
"data\pgdata\base\5\14939_vm","file","8192","2026-08-14T00:32:12.9024689Z"
"data\pgdata\base\5\14942","file","0","2026-08-14T00:32:12.9024689Z"
"data\pgdata\base\5\14943","file","8192","2026-08-14T00:32:12.9024689Z"
"data\pgdata\base\5\14944","file","8192","2026-08-14T00:32:12.9024689Z"
"data\pgdata\base\5\14944_fsm","file","24576","2026-08-14T00:32:12.9024689Z"
"data\pgdata\base\5\14944_vm","file","8192","2026-08-14T00:32:12.9095068Z"
"data\pgdata\base\5\14947","file","0","2026-08-14T00:32:12.9095068Z"
"data\pgdata\base\5\14948","file","8192","2026-08-14T00:32:12.9095068Z"
"data\pgdata\base\5\14949","file","8192","2026-08-14T00:32:12.9095068Z"
"data\pgdata\base\5\14949_fsm","file","24576","2026-08-14T00:32:12.9095068Z"
"data\pgdata\base\5\14949_vm","file","8192","2026-08-14T00:32:12.9095068Z"
"data\pgdata\base\5\14952","file","0","2026-08-14T00:32:12.9095068Z"
"data\pgdata\base\5\14953","file","8192","2026-08-14T00:32:12.9181034Z"
"data\pgdata\base\5\174","file","8192","2026-08-14T00:32:12.9181034Z"
"data\pgdata\base\5\175","file","8192","2026-08-14T00:32:12.9181034Z"
"data\pgdata\base\5\2187","file","8192","2026-08-14T00:32:12.9181034Z"
"data\pgdata\base\5\2224","file","0","2026-08-14T00:32:12.9181034Z"
"data\pgdata\base\5\2228","file","16384","2026-08-14T00:32:12.9181034Z"
"data\pgdata\base\5\2328","file","0","2026-08-14T00:32:12.9181034Z"
"data\pgdata\base\5\2336","file","0","2026-08-14T00:32:12.9181034Z"
"data\pgdata\base\5\2337","file","8192","2026-08-14T00:32:12.9181034Z"
"data\pgdata\base\5\2579","file","16384","2026-08-14T00:32:12.9181034Z"
"data\pgdata\base\5\2600","file","16384","2026-08-14T00:32:12.9181034Z"
"data\pgdata\base\5\2600_fsm","file","24576","2026-08-14T00:32:12.9181034Z"
"data\pgdata\base\5\2600_vm","file","8192","2026-08-14T00:32:12.9181034Z"
"data\pgdata\base\5\2601","file","8192","2026-08-14T00:32:12.9181034Z"
"data\pgdata\base\5\2601_fsm","file","24576","2026-08-14T00:32:12.9181034Z"
"data\pgdata\base\5\2601_vm","file","8192","2026-08-14T00:32:12.9181034Z"
"data\pgdata\base\5\2602","file","57344","2026-08-14T00:32:12.9340218Z"
"data\pgdata\base\5\2602_fsm","file","24576","2026-08-14T00:32:12.9340218Z"
"data\pgdata\base\5\2602_vm","file","8192","2026-08-14T00:32:12.9340218Z"
"data\pgdata\base\5\2603","file","40960","2026-08-14T00:32:12.9340218Z"
"data\pgdata\base\5\2603_fsm","file","24576","2026-08-14T00:32:12.9340218Z"
"data\pgdata\base\5\2603_vm","file","8192","2026-08-14T00:32:12.9340218Z"
"data\pgdata\base\5\2604","file","0","2026-08-14T00:32:12.9340218Z"
"data\pgdata\base\5\2605","file","16384","2026-08-14T00:32:12.9499965Z"
"data\pgdata\base\5\2605_fsm","file","24576","2026-08-14T00:32:12.9499965Z"
"data\pgdata\base\5\2605_vm","file","8192","2026-08-14T00:32:12.9499965Z"
"data\pgdata\base\5\2606","file","24576","2026-08-14T00:32:12.9594695Z"
"data\pgdata\base\5\2606_fsm","file","24576","2026-08-14T00:32:12.9594695Z"
"data\pgdata\base\5\2606_vm","file","8192","2026-08-14T00:32:12.9594695Z"
"data\pgdata\base\5\2607","file","16384","2026-08-14T00:32:12.9657723Z"
"data\pgdata\base\5\2607_fsm","file","24576","2026-08-14T00:32:12.9686326Z"
"data\pgdata\base\5\2607_vm","file","8192","2026-08-14T00:32:12.9686326Z"
"data\pgdata\base\5\2608","file","106496","2026-08-14T00:32:12.9686326Z"
"data\pgdata\base\5\2608_fsm","file","24576","2026-08-14T00:32:12.9686326Z"
"data\pgdata\base\5\2608_vm","file","8192","2026-08-14T00:32:12.9725466Z"
"data\pgdata\base\5\2609","file","368640","2026-08-14T00:32:12.9765651Z"
"data\pgdata\base\5\2609_fsm","file","24576","2026-08-14T00:32:12.9785741Z"
"data\pgdata\base\5\2609_vm","file","8192","2026-08-14T00:32:12.9785741Z"
"data\pgdata\base\5\2610","file","32768","2026-08-14T00:32:12.9815936Z"
"data\pgdata\base\5\2610_fsm","file","24576","2026-08-14T00:32:12.9815936Z"
"data\pgdata\base\5\2610_vm","file","8192","2026-08-14T00:32:12.9815936Z"
"data\pgdata\base\5\2611","file","0","2026-08-14T00:32:12.9815936Z"
"data\pgdata\base\5\2612","file","8192","2026-08-14T00:32:12.9896279Z"
"data\pgdata\base\5\2612_fsm","file","24576","2026-08-14T00:32:12.9901085Z"
"data\pgdata\base\5\2612_vm","file","8192","2026-08-14T00:32:12.9901085Z"
"data\pgdata\base\5\2613","file","0","2026-08-14T00:32:12.9901085Z"
"data\pgdata\base\5\2615","file","8192","2026-08-14T00:32:12.9901085Z"
"data\pgdata\base\5\2615_fsm","file","24576","2026-08-14T00:32:12.9926988Z"
"data\pgdata\base\5\2615_vm","file","8192","2026-08-14T00:32:12.9926988Z"
"data\pgdata\base\5\2616","file","24576","2026-08-14T00:32:12.9926988Z"
"data\pgdata\base\5\2616_fsm","file","24576","2026-08-14T00:32:12.9926988Z"
"data\pgdata\base\5\2616_vm","file","8192","2026-08-14T00:32:12.9926988Z"
"data\pgdata\base\5\2617","file","114688","2026-08-14T00:32:12.9926988Z"
"data\pgdata\base\5\2617_fsm","file","24576","2026-08-14T00:32:12.9926988Z"
"data\pgdata\base\5\2617_vm","file","8192","2026-08-14T00:32:12.9926988Z"
"data\pgdata\base\5\2618","file","114688","2026-08-14T00:32:13.0068266Z"
"data\pgdata\base\5\2618_fsm","file","24576","2026-08-14T00:32:13.0068266Z"
"data\pgdata\base\5\2618_vm","file","8192","2026-08-14T00:32:13.0068266Z"
"data\pgdata\base\5\2619","file","163840","2026-08-14T00:32:13.0068266Z"
"data\pgdata\base\5\2619_fsm","file","24576","2026-08-14T00:32:13.0068266Z"
"data\pgdata\base\5\2619_vm","file","8192","2026-08-14T00:32:13.0068266Z"
"data\pgdata\base\5\2620","file","0","2026-08-14T00:32:13.0068266Z"
"data\pgdata\base\5\2650","file","16384","2026-08-14T00:32:13.0229245Z"
"data\pgdata\base\5\2651","file","16384","2026-08-14T00:32:13.0249305Z"
"data\pgdata\base\5\2652","file","16384","2026-08-14T00:32:13.0259327Z"
"data\pgdata\base\5\2653","file","49152","2026-08-14T00:32:13.0269367Z"
"data\pgdata\base\5\2654","file","49152","2026-08-14T00:32:13.0279317Z"
"data\pgdata\base\5\2655","file","40960","2026-08-14T00:32:13.0289297Z"
"data\pgdata\base\5\2656","file","8192","2026-08-14T00:32:13.0299305Z"
"data\pgdata\base\5\2657","file","8192","2026-08-14T00:32:13.0309301Z"
"data\pgdata\base\5\2658","file","122880","2026-08-14T00:32:13.0319313Z"
"data\pgdata\base\5\2659","file","90112","2026-08-14T00:32:13.0329294Z"
"data\pgdata\base\5\2660","file","16384","2026-08-14T00:32:13.0339332Z"
"data\pgdata\base\5\2661","file","16384","2026-08-14T00:32:13.0349327Z"
"data\pgdata\base\5\2662","file","32768","2026-08-14T00:32:13.0359322Z"
"data\pgdata\base\5\2663","file","40960","2026-08-14T00:32:13.0369301Z"
"data\pgdata\base\5\2664","file","16384","2026-08-14T00:32:13.0369301Z"
"data\pgdata\base\5\2665","file","16384","2026-08-14T00:32:13.0379314Z"
"data\pgdata\base\5\2666","file","16384","2026-08-14T00:32:13.0389312Z"
"data\pgdata\base\5\2667","file","16384","2026-08-14T00:32:13.0394433Z"
"data\pgdata\base\5\2668","file","16384","2026-08-14T00:32:13.0404487Z"
"data\pgdata\base\5\2669","file","16384","2026-08-14T00:32:13.0404487Z"
"data\pgdata\base\5\2670","file","16384","2026-08-14T00:32:13.0414477Z"
"data\pgdata\base\5\2673","file","81920","2026-08-14T00:32:13.0419738Z"
"data\pgdata\base\5\2674","file","65536","2026-08-14T00:32:13.0430258Z"
"data\pgdata\base\5\2675","file","212992","2026-08-14T00:32:13.0440285Z"
"data\pgdata\base\5\2678","file","16384","2026-08-14T00:32:13.0450247Z"
"data\pgdata\base\5\2679","file","16384","2026-08-14T00:32:13.0460266Z"
"data\pgdata\base\5\2680","file","8192","2026-08-14T00:32:13.0470317Z"
"data\pgdata\base\5\2681","file","16384","2026-08-14T00:32:13.0480353Z"
"data\pgdata\base\5\2682","file","16384","2026-08-14T00:32:13.0490274Z"
"data\pgdata\base\5\2683","file","8192","2026-08-14T00:32:13.0500256Z"
"data\pgdata\base\5\2684","file","16384","2026-08-14T00:32:13.0510252Z"
"data\pgdata\base\5\2685","file","16384","2026-08-14T00:32:13.0520278Z"
"data\pgdata\base\5\2686","file","16384","2026-08-14T00:32:13.0520278Z"
"data\pgdata\base\5\2687","file","16384","2026-08-14T00:32:13.0530279Z"
"data\pgdata\base\5\2688","file","40960","2026-08-14T00:32:13.0540255Z"
"data\pgdata\base\5\2689","file","49152","2026-08-14T00:32:13.0550258Z"
"data\pgdata\base\5\2690","file","98304","2026-08-14T00:32:13.0561539Z"
"data\pgdata\base\5\2691","file","262144","2026-08-14T00:32:13.0571676Z"
"data\pgdata\base\5\2692","file","16384","2026-08-14T00:32:13.0581608Z"
"data\pgdata\base\5\2693","file","16384","2026-08-14T00:32:13.0591598Z"
"data\pgdata\base\5\2696","file","32768","2026-08-14T00:32:13.0601622Z"
"data\pgdata\base\5\2699","file","8192","2026-08-14T00:32:13.0601622Z"
"data\pgdata\base\5\2701","file","8192","2026-08-14T00:32:13.0611593Z"
"data\pgdata\base\5\2702","file","8192","2026-08-14T00:32:13.0621614Z"
"data\pgdata\base\5\2703","file","32768","2026-08-14T00:32:13.0631613Z"
"data\pgdata\base\5\2704","file","40960","2026-08-14T00:32:13.0651611Z"
"data\pgdata\base\5\2753","file","16384","2026-08-14T00:32:13.0661599Z"
"data\pgdata\base\5\2753_fsm","file","24576","2026-08-14T00:32:13.0671596Z"
"data\pgdata\base\5\2753_vm","file","8192","2026-08-14T00:32:13.0671596Z"
"data\pgdata\base\5\2754","file","16384","2026-08-14T00:32:13.0671596Z"
"data\pgdata\base\5\2755","file","16384","2026-08-14T00:32:13.0671596Z"
"data\pgdata\base\5\2756","file","40960","2026-08-14T00:32:13.0671596Z"
"data\pgdata\base\5\2757","file","32768","2026-08-14T00:32:13.0671596Z"
"data\pgdata\base\5\2830","file","0","2026-08-14T00:32:13.0671596Z"
"data\pgdata\base\5\2831","file","8192","2026-08-14T00:32:13.0671596Z"
"data\pgdata\base\5\2832","file","0","2026-08-14T00:32:13.0671596Z"
"data\pgdata\base\5\2833","file","8192","2026-08-14T00:32:13.0671596Z"
"data\pgdata\base\5\2834","file","0","2026-08-14T00:32:13.0671596Z"
"data\pgdata\base\5\2835","file","8192","2026-08-14T00:32:13.0671596Z"
"data\pgdata\base\5\2836","file","8192","2026-08-14T00:32:13.0671596Z"
"data\pgdata\base\5\2836_fsm","file","24576","2026-08-14T00:32:13.0771458Z"
"data\pgdata\base\5\2836_vm","file","8192","2026-08-14T00:32:13.0771458Z"
"data\pgdata\base\5\2837","file","16384","2026-08-14T00:32:13.0771458Z"
"data\pgdata\base\5\2838","file","516096","2026-08-14T00:32:13.0771458Z"
"data\pgdata\base\5\2838_fsm","file","24576","2026-08-14T00:32:13.0771458Z"
"data\pgdata\base\5\2838_vm","file","8192","2026-08-14T00:32:13.0771458Z"
"data\pgdata\base\5\2839","file","16384","2026-08-14T00:32:13.0955613Z"
"data\pgdata\base\5\2840","file","24576","2026-08-14T00:32:13.0965640Z"
"data\pgdata\base\5\2840_fsm","file","24576","2026-08-14T00:32:13.0975647Z"
"data\pgdata\base\5\2840_vm","file","8192","2026-08-14T00:32:13.0975647Z"
"data\pgdata\base\5\2841","file","16384","2026-08-14T00:32:13.0995644Z"
"data\pgdata\base\5\2995","file","0","2026-08-14T00:32:13.0995644Z"
"data\pgdata\base\5\2996","file","8192","2026-08-14T00:32:13.1005644Z"
"data\pgdata\base\5\3079","file","8192","2026-08-14T00:32:13.1015625Z"
"data\pgdata\base\5\3079_fsm","file","24576","2026-08-14T00:32:13.1025661Z"
"data\pgdata\base\5\3079_vm","file","8192","2026-08-14T00:32:13.1025661Z"
"data\pgdata\base\5\3080","file","16384","2026-08-14T00:32:13.1081640Z"
"data\pgdata\base\5\3081","file","16384","2026-08-14T00:32:13.1091636Z"
"data\pgdata\base\5\3085","file","73728","2026-08-14T00:32:13.1111634Z"
"data\pgdata\base\5\3118","file","0","2026-08-14T00:32:13.1111634Z"
"data\pgdata\base\5\3119","file","8192","2026-08-14T00:32:13.1121627Z"
"data\pgdata\base\5\3164","file","147456","2026-08-14T00:32:13.1141643Z"
"data\pgdata\base\5\3256","file","0","2026-08-14T00:32:13.1151735Z"
"data\pgdata\base\5\3257","file","8192","2026-08-14T00:32:13.1161620Z"
"data\pgdata\base\5\3258","file","8192","2026-08-14T00:32:13.1171624Z"
"data\pgdata\base\5\3350","file","0","2026-08-14T00:32:13.1171624Z"
"data\pgdata\base\5\3351","file","8192","2026-08-14T00:32:13.1181624Z"
"data\pgdata\base\5\3379","file","8192","2026-08-14T00:32:13.1191645Z"
"data\pgdata\base\5\3380","file","8192","2026-08-14T00:32:13.1191645Z"
"data\pgdata\base\5\3381","file","0","2026-08-14T00:32:13.1191645Z"
"data\pgdata\base\5\3394","file","24576","2026-08-14T00:32:13.1201668Z"
"data\pgdata\base\5\3394_fsm","file","24576","2026-08-14T00:32:13.1211607Z"
"data\pgdata\base\5\3394_vm","file","8192","2026-08-14T00:32:13.1211607Z"
"data\pgdata\base\5\3395","file","16384","2026-08-14T00:32:13.1227799Z"
"data\pgdata\base\5\3429","file","0","2026-08-14T00:32:13.1227799Z"
"data\pgdata\base\5\3430","file","0","2026-08-14T00:32:13.1227799Z"
"data\pgdata\base\5\3431","file","8192","2026-08-14T00:32:13.1237860Z"
"data\pgdata\base\5\3433","file","8192","2026-08-14T00:32:13.1247850Z"
"data\pgdata\base\5\3439","file","0","2026-08-14T00:32:13.1247850Z"
"data\pgdata\base\5\3440","file","8192","2026-08-14T00:32:13.1257855Z"
"data\pgdata\base\5\3455","file","16384","2026-08-14T00:32:13.1267849Z"
"data\pgdata\base\5\3456","file","352256","2026-08-14T00:32:13.1287931Z"
"data\pgdata\base\5\3456_fsm","file","24576","2026-08-14T00:32:13.1287931Z"
"data\pgdata\base\5\3456_vm","file","8192","2026-08-14T00:32:13.1337836Z"
"data\pgdata\base\5\3466","file","0","2026-08-14T00:32:13.1337836Z"
"data\pgdata\base\5\3467","file","8192","2026-08-14T00:32:13.1347853Z"
"data\pgdata\base\5\3468","file","8192","2026-08-14T00:32:13.1361096Z"
"data\pgdata\base\5\3501","file","0","2026-08-14T00:32:13.1361096Z"
"data\pgdata\base\5\3502","file","8192","2026-08-14T00:32:13.1361096Z"
"data\pgdata\base\5\3503","file","8192","2026-08-14T00:32:13.1361096Z"
"data\pgdata\base\5\3534","file","8192","2026-08-14T00:32:13.1361096Z"
"data\pgdata\base\5\3541","file","8192","2026-08-14T00:32:13.1405822Z"
"data\pgdata\base\5\3541_fsm","file","24576","2026-08-14T00:32:13.1405822Z"
"data\pgdata\base\5\3541_vm","file","8192","2026-08-14T00:32:13.1405822Z"
"data\pgdata\base\5\3542","file","16384","2026-08-14T00:32:13.1405822Z"
"data\pgdata\base\5\3574","file","8192","2026-08-14T00:32:13.1405822Z"
"data\pgdata\base\5\3575","file","8192","2026-08-14T00:32:13.1405822Z"
"data\pgdata\base\5\3576","file","0","2026-08-14T00:32:13.1405822Z"
"data\pgdata\base\5\3596","file","0","2026-08-14T00:32:13.1405822Z"
"data\pgdata\base\5\3597","file","8192","2026-08-14T00:32:13.1405822Z"
"data\pgdata\base\5\3598","file","0","2026-08-14T00:32:13.1405822Z"
"data\pgdata\base\5\3599","file","8192","2026-08-14T00:32:13.1405822Z"
"data\pgdata\base\5\3600","file","8192","2026-08-14T00:32:13.1504045Z"
"data\pgdata\base\5\3600_fsm","file","24576","2026-08-14T00:32:13.1504045Z"
"data\pgdata\base\5\3600_vm","file","8192","2026-08-14T00:32:13.1519101Z"
"data\pgdata\base\5\3601","file","8192","2026-08-14T00:32:13.1519101Z"
"data\pgdata\base\5\3601_fsm","file","24576","2026-08-14T00:32:13.1539160Z"
"data\pgdata\base\5\3601_vm","file","8192","2026-08-14T00:32:13.1539160Z"
"data\pgdata\base\5\3602","file","8192","2026-08-14T00:32:13.1631824Z"
"data\pgdata\base\5\3602_fsm","file","24576","2026-08-14T00:32:13.1641849Z"
"data\pgdata\base\5\3602_vm","file","8192","2026-08-14T00:32:13.1641849Z"
"data\pgdata\base\5\3603","file","24576","2026-08-14T00:32:13.1651805Z"
"data\pgdata\base\5\3603_fsm","file","24576","2026-08-14T00:32:13.1661846Z"
"data\pgdata\base\5\3603_vm","file","8192","2026-08-14T00:32:13.1661846Z"
"data\pgdata\base\5\3604","file","16384","2026-08-14T00:32:13.1703982Z"
"data\pgdata\base\5\3605","file","16384","2026-08-14T00:32:13.1756401Z"
"data\pgdata\base\5\3606","file","16384","2026-08-14T00:32:13.1756401Z"
"data\pgdata\base\5\3607","file","16384","2026-08-14T00:32:13.1756401Z"
"data\pgdata\base\5\3608","file","16384","2026-08-14T00:32:13.1756401Z"
"data\pgdata\base\5\3609","file","32768","2026-08-14T00:32:13.1756401Z"
"data\pgdata\base\5\3712","file","16384","2026-08-14T00:32:13.1798889Z"
"data\pgdata\base\5\3764","file","8192","2026-08-14T00:32:13.1798889Z"
"data\pgdata\base\5\3764_fsm","file","24576","2026-08-14T00:32:13.1798889Z"
"data\pgdata\base\5\3764_vm","file","8192","2026-08-14T00:32:13.1798889Z"
"data\pgdata\base\5\3766","file","16384","2026-08-14T00:32:13.1818967Z"
"data\pgdata\base\5\3767","file","16384","2026-08-14T00:32:13.1818967Z"
"data\pgdata\base\5\3997","file","8192","2026-08-14T00:32:13.1818967Z"
"data\pgdata\base\5\4143","file","0","2026-08-14T00:32:13.1818967Z"
"data\pgdata\base\5\4144","file","8192","2026-08-14T00:32:13.1818967Z"
"data\pgdata\base\5\4145","file","0","2026-08-14T00:32:13.1818967Z"
"data\pgdata\base\5\4146","file","8192","2026-08-14T00:32:13.1818967Z"
"data\pgdata\base\5\4147","file","0","2026-08-14T00:32:13.1818967Z"
"data\pgdata\base\5\4148","file","8192","2026-08-14T00:32:13.1818967Z"
"data\pgdata\base\5\4149","file","0","2026-08-14T00:32:13.1818967Z"
"data\pgdata\base\5\4150","file","8192","2026-08-14T00:32:13.1818967Z"
"data\pgdata\base\5\4151","file","0","2026-08-14T00:32:13.1818967Z"
"data\pgdata\base\5\4152","file","8192","2026-08-14T00:32:13.1818967Z"
"data\pgdata\base\5\4153","file","0","2026-08-14T00:32:13.1818967Z"
"data\pgdata\base\5\4154","file","8192","2026-08-14T00:32:13.1818967Z"
"data\pgdata\base\5\4155","file","0","2026-08-14T00:32:13.1818967Z"
"data\pgdata\base\5\4156","file","8192","2026-08-14T00:32:13.1818967Z"
"data\pgdata\base\5\4157","file","0","2026-08-14T00:32:13.1818967Z"
"data\pgdata\base\5\4158","file","8192","2026-08-14T00:32:13.1818967Z"
"data\pgdata\base\5\4159","file","0","2026-08-14T00:32:13.1818967Z"
"data\pgdata\base\5\4160","file","8192","2026-08-14T00:32:13.1818967Z"
"data\pgdata\base\5\4163","file","0","2026-08-14T00:32:13.1818967Z"
"data\pgdata\base\5\4164","file","8192","2026-08-14T00:32:13.1818967Z"
"data\pgdata\base\5\4165","file","0","2026-08-14T00:32:13.1818967Z"
"data\pgdata\base\5\4166","file","8192","2026-08-14T00:32:13.1818967Z"
"data\pgdata\base\5\4167","file","0","2026-08-14T00:32:13.1818967Z"
"data\pgdata\base\5\4168","file","8192","2026-08-14T00:32:13.1818967Z"
"data\pgdata\base\5\4169","file","0","2026-08-14T00:32:13.1818967Z"
"data\pgdata\base\5\4170","file","8192","2026-08-14T00:32:13.1818967Z"
"data\pgdata\base\5\4171","file","0","2026-08-14T00:32:13.1818967Z"
"data\pgdata\base\5\4172","file","8192","2026-08-14T00:32:13.1818967Z"
"data\pgdata\base\5\4173","file","0","2026-08-14T00:32:13.1978080Z"
"data\pgdata\base\5\4174","file","8192","2026-08-14T00:32:13.1978080Z"
"data\pgdata\base\5\5002","file","8192","2026-08-14T00:32:13.1978080Z"
"data\pgdata\base\5\548","file","8192","2026-08-14T00:32:13.1978080Z"
"data\pgdata\base\5\549","file","8192","2026-08-14T00:32:13.1978080Z"
"data\pgdata\base\5\6102","file","0","2026-08-14T00:32:13.1978080Z"
"data\pgdata\base\5\6104","file","0","2026-08-14T00:32:13.1978080Z"
"data\pgdata\base\5\6106","file","0","2026-08-14T00:32:13.1978080Z"
"data\pgdata\base\5\6110","file","8192","2026-08-14T00:32:13.1978080Z"
"data\pgdata\base\5\6111","file","8192","2026-08-14T00:32:13.1978080Z"
"data\pgdata\base\5\6112","file","8192","2026-08-14T00:32:13.1978080Z"
"data\pgdata\base\5\6113","file","8192","2026-08-14T00:32:13.1978080Z"
"data\pgdata\base\5\6116","file","8192","2026-08-14T00:32:13.1978080Z"
"data\pgdata\base\5\6117","file","8192","2026-08-14T00:32:13.1978080Z"
"data\pgdata\base\5\6175","file","0","2026-08-14T00:32:13.1978080Z"
"data\pgdata\base\5\6176","file","8192","2026-08-14T00:32:13.1978080Z"
"data\pgdata\base\5\6228","file","0","2026-08-14T00:32:13.1978080Z"
"data\pgdata\base\5\6229","file","8192","2026-08-14T00:32:13.1978080Z"
"data\pgdata\base\5\6237","file","0","2026-08-14T00:32:13.1978080Z"
"data\pgdata\base\5\6238","file","8192","2026-08-14T00:32:13.1978080Z"
"data\pgdata\base\5\6239","file","8192","2026-08-14T00:32:13.1978080Z"
"data\pgdata\base\5\826","file","0","2026-08-14T00:32:13.1978080Z"
"data\pgdata\base\5\827","file","8192","2026-08-14T00:32:13.1978080Z"
"data\pgdata\base\5\828","file","8192","2026-08-14T00:32:13.1978080Z"
"data\pgdata\base\5\pg_filenode.map","file","524","2026-08-14T00:32:13.1978080Z"
"data\pgdata\base\5\pg_internal.init","file","160932","2026-08-16T01:01:35.8552609Z"
"data\pgdata\base\5\PG_VERSION","file","3","2026-08-14T00:32:13.1978080Z"
"data\pgdata\global\1213","file","8192","2026-08-14T00:32:12.0789422Z"
"data\pgdata\global\1213_fsm","file","24576","2026-08-14T00:32:12.0789422Z"
"data\pgdata\global\1213_vm","file","8192","2026-08-14T00:32:12.0842344Z"
"data\pgdata\global\1214","file","0","2026-08-14T00:32:10.3529331Z"
"data\pgdata\global\1232","file","8192","2026-08-14T00:32:10.8457794Z"
"data\pgdata\global\1233","file","8192","2026-08-14T00:32:10.8457794Z"
"data\pgdata\global\1260","file","8192","2026-08-16T01:01:08.6711226Z"
"data\pgdata\global\1260_fsm","file","24576","2026-08-14T00:32:12.0842344Z"
"data\pgdata\global\1260_vm","file","8192","2026-08-16T01:01:07.7695342Z"
"data\pgdata\global\1261","file","8192","2026-08-14T00:32:12.0871525Z"
"data\pgdata\global\1261_fsm","file","24576","2026-08-14T00:32:12.0929671Z"
"data\pgdata\global\1261_vm","file","8192","2026-08-14T00:32:12.0929671Z"
"data\pgdata\global\1262","file","8192","2026-08-14T00:32:22.1222840Z"
"data\pgdata\global\1262_fsm","file","24576","2026-08-14T00:32:12.8642055Z"
"data\pgdata\global\1262_vm","file","8192","2026-08-14T00:32:12.8642055Z"
"data\pgdata\global\2396","file","8192","2026-08-14T00:32:13.2236744Z"
"data\pgdata\global\2396_fsm","file","24576","2026-08-14T00:32:12.2039014Z"
"data\pgdata\global\2396_vm","file","8192","2026-08-14T00:32:12.8642055Z"
"data\pgdata\global\2397","file","16384","2026-08-14T00:32:13.2236744Z"
"data\pgdata\global\2671","file","16384","2026-08-14T00:32:18.9865278Z"
"data\pgdata\global\2672","file","16384","2026-08-14T00:32:19.0065866Z"
"data\pgdata\global\2676","file","16384","2026-08-14T00:32:10.8457794Z"
"data\pgdata\global\2677","file","16384","2026-08-14T00:32:10.8457794Z"
"data\pgdata\global\2694","file","16384","2026-08-14T00:32:12.2827111Z"
"data\pgdata\global\2695","file","16384","2026-08-14T00:32:12.2946142Z"
"data\pgdata\global\2697","file","16384","2026-08-14T00:32:10.8616785Z"
"data\pgdata\global\2698","file","16384","2026-08-14T00:32:10.8616785Z"
"data\pgdata\global\2846","file","0","2026-08-14T00:32:10.3833538Z"
"data\pgdata\global\2847","file","8192","2026-08-14T00:32:10.9899628Z"
"data\pgdata\global\2964","file","0","2026-08-14T00:32:10.3529331Z"
"data\pgdata\global\2965","file","8192","2026-08-14T00:32:10.8616785Z"
"data\pgdata\global\2966","file","0","2026-08-14T00:32:10.3813442Z"
"data\pgdata\global\2967","file","8192","2026-08-14T00:32:11.0059329Z"
"data\pgdata\global\3592","file","0","2026-08-14T00:32:10.3690235Z"
"data\pgdata\global\3593","file","8192","2026-08-14T00:32:10.8141362Z"
"data\pgdata\global\4060","file","0","2026-08-14T00:32:10.3851065Z"
"data\pgdata\global\4061","file","8192","2026-08-14T00:32:10.9855910Z"
"data\pgdata\global\4175","file","0","2026-08-14T00:32:10.3833538Z"
"data\pgdata\global\4176","file","8192","2026-08-14T00:32:10.9899628Z"
"data\pgdata\global\4177","file","0","2026-08-14T00:32:10.3813442Z"
"data\pgdata\global\4178","file","8192","2026-08-14T00:32:11.0062534Z"
"data\pgdata\global\4181","file","0","2026-08-14T00:32:10.3851065Z"
"data\pgdata\global\4182","file","8192","2026-08-14T00:32:10.9899628Z"
"data\pgdata\global\4183","file","0","2026-08-14T00:32:10.3944528Z"
"data\pgdata\global\4184","file","8192","2026-08-14T00:32:10.9742530Z"
"data\pgdata\global\4185","file","0","2026-08-14T00:32:10.3833538Z"
"data\pgdata\global\4186","file","8192","2026-08-14T00:32:10.9899628Z"
"data\pgdata\global\6000","file","0","2026-08-14T00:32:10.3529331Z"
"data\pgdata\global\6001","file","8192","2026-08-14T00:32:10.8141362Z"
"data\pgdata\global\6002","file","8192","2026-08-14T00:32:10.8141362Z"
"data\pgdata\global\6100","file","0","2026-08-14T00:32:10.3690235Z"
"data\pgdata\global\6114","file","8192","2026-08-14T00:32:10.7911189Z"
"data\pgdata\global\6115","file","8192","2026-08-14T00:32:10.7911189Z"
"data\pgdata\global\6243","file","0","2026-08-14T00:32:10.3690235Z"
"data\pgdata\global\6244","file","0","2026-08-14T00:32:10.3851065Z"
"data\pgdata\global\6245","file","8192","2026-08-14T00:32:10.9774145Z"
"data\pgdata\global\6246","file","8192","2026-08-14T00:32:10.7981511Z"
"data\pgdata\global\6247","file","8192","2026-08-14T00:32:10.7981511Z"
"data\pgdata\global\6302","file","16384","2026-08-14T00:32:12.2966216Z"
"data\pgdata\global\6303","file","16384","2026-08-14T00:32:12.3318918Z"
"data\pgdata\global\config_exec_params","file","1386","2026-08-16T01:01:15.7537176Z"
"data\pgdata\global\pg_control","file","8192","2026-08-26T23:37:34.5896652Z"
"data\pgdata\global\pg_filenode.map","file","524","2026-08-14T00:32:11.0234537Z"
"data\pgdata\global\pg_internal.init","file","28724","2026-08-16T01:02:15.8724991Z"
"data\pgdata\pg_logical\mappings","directory",,"2026-08-14T00:32:10.0336411Z"
"data\pgdata\pg_logical\snapshots","directory",,"2026-08-14T00:32:10.0234290Z"
"data\pgdata\pg_logical\replorigin_checkpoint","file","8","2026-08-26T23:37:34.5639021Z"
"data\pgdata\pg_multixact\members","directory",,"2026-08-14T00:32:10.2748948Z"
"data\pgdata\pg_multixact\offsets","directory",,"2026-08-14T00:32:10.2748948Z"
"data\pgdata\pg_multixact\members\0000","file","8192","2026-08-14T00:32:10.2748948Z"
"data\pgdata\pg_multixact\offsets\0000","file","8192","2026-08-16T01:06:15.8026630Z"
"data\pgdata\pg_stat\pgstat.stat","file","135677","2026-08-26T23:37:34.5936658Z"
"data\pgdata\pg_subtrans\0000","file","81920","2026-08-26T19:16:40.0503221Z"
"data\pgdata\pg_wal\archive_status","directory",,"2026-08-14T00:32:10.0234290Z"
"data\pgdata\pg_wal\summaries","directory",,"2026-08-14T00:32:10.0234290Z"
"data\pgdata\pg_wal\000000010000000000000005","file","16777216","2026-08-26T23:37:34.5896652Z"
"data\pgdata\pg_wal\000000010000000000000006","file","16777216","2026-08-24T05:12:19.9355181Z"
"data\pgdata\pg_xact\0000","file","8192","2026-08-26T23:37:34.5749735Z"
"data\uploads\recordings","directory",,"2026-08-14T00:32:47.7864129Z"
"logs\control_plane.log","file","462093","2026-08-26T23:15:31.1167119Z"
"logs\nats.log","file","4183","2026-08-16T01:01:16.9354105Z"
"logs\ollama.log","file","137968","2026-08-26T22:26:28.1786424Z"
"logs\postgres.log","file","1257387","2026-08-26T23:37:34.6063078Z"
"logs\supervisor.log","file","4103","2026-08-26T23:37:34.7863130Z"
"packs\captions-floor","directory",,"2026-08-13T17:49:38.0000000Z"
"packs\local-ai-model","directory",,"2026-08-13T17:49:38.0000000Z"
"packs\captions-floor\models","directory",,"2026-08-13T17:49:38.0000000Z"
"packs\captions-floor\models\faster-whisper-medium","directory",,"2026-08-13T17:49:38.0000000Z"
"packs\captions-floor\models\faster-whisper-medium\config.json","file","2257","2026-08-12T02:40:10.0000000Z"
"packs\captions-floor\models\faster-whisper-medium\model.bin","file","1527906378","2026-08-12T03:20:12.0000000Z"
"packs\captions-floor\models\faster-whisper-medium\tokenizer.json","file","2203239","2026-08-12T03:20:16.0000000Z"
"packs\captions-floor\models\faster-whisper-medium\vocabulary.txt","file","459861","2026-08-12T03:20:18.0000000Z"
"packs\local-ai-model\models","directory",,"2026-08-13T17:49:38.0000000Z"
"packs\local-ai-model\models\blobs","directory",,"2026-08-13T17:49:50.0000000Z"
"packs\local-ai-model\models\manifests","directory",,"2026-08-13T17:49:38.0000000Z"
"packs\local-ai-model\models\blobs\sha256-0d542e0c8804e39aa7f37eb00da5a762149dc682d7829451287e11b938e94594","file","10174","2026-08-12T07:23:08.0000000Z"
"packs\local-ai-model\models\blobs\sha256-1278394b693672ac2799eadc9a83fd98259a6a88a40acfb1dcaa6c6fc895a606","file","7381382048","2026-08-12T07:18:20.0000000Z"
"packs\local-ai-model\models\blobs\sha256-56380ca2ab89f1f68c283f4d50863c0bcab52ae3f1b9a88e4ab5617b176f71a3","file","42","2026-08-12T07:23:08.0000000Z"
"packs\local-ai-model\models\blobs\sha256-675ad6e68101ca9413ec806855c452362f0213f2dfc5800996b086fdb8119842","file","175115584","2026-08-12T07:23:06.0000000Z"
"packs\local-ai-model\models\blobs\sha256-c805f5b265d8e695c44f4065dfc368206cd8026447604925fef8db57ee32ee23","file","548","2026-08-12T03:20:18.0000000Z"
"packs\local-ai-model\models\manifests\registry.ollama.ai","directory",,"2026-08-13T17:49:38.0000000Z"
"packs\local-ai-model\models\manifests\registry.ollama.ai\library","directory",,"2026-08-13T17:49:38.0000000Z"
"packs\local-ai-model\models\manifests\registry.ollama.ai\library\gemma4","directory",,"2026-08-13T17:49:38.0000000Z"
"packs\local-ai-model\models\manifests\registry.ollama.ai\library\gemma4\12b","file","905","2026-08-12T03:20:18.0000000Z"
"provision\tmp","directory",,"2026-08-16T01:01:07.7033623Z"
"provision\provision-journal.json","file","2259","2026-08-16T01:01:08.7913695Z"
"upgrade\upgrade-engine.log","file","1530","2026-08-26T23:55:51.2752968Z"
